-- phpMyAdmin SQL Dump
-- version 4.1.14
-- http://www.phpmyadmin.net
--
-- Host: 127.0.0.1
-- Generation Time: Dec 13, 2014 at 01:23 PM
-- Server version: 5.6.17
-- PHP Version: 5.5.12

SET SQL_MODE = "NO_AUTO_VALUE_ON_ZERO";
SET time_zone = "+00:00";


/*!40101 SET @OLD_CHARACTER_SET_CLIENT=@@CHARACTER_SET_CLIENT */;
/*!40101 SET @OLD_CHARACTER_SET_RESULTS=@@CHARACTER_SET_RESULTS */;
/*!40101 SET @OLD_COLLATION_CONNECTION=@@COLLATION_CONNECTION */;
/*!40101 SET NAMES utf8 */;

--
-- Database: `ihotfood`
--

-- --------------------------------------------------------

--
-- Table structure for table `albums`
--

CREATE TABLE IF NOT EXISTS `albums` (
  `id` int(11) NOT NULL AUTO_INCREMENT,
  `name` varchar(255) NOT NULL,
  PRIMARY KEY (`id`)
) ENGINE=MyISAM  DEFAULT CHARSET=utf8 AUTO_INCREMENT=85 ;

--
-- Dumping data for table `albums`
--

-- --------------------------------------------------------

--
-- Table structure for table `articles`
--

CREATE TABLE IF NOT EXISTS `articles` (
  `id` int(11) NOT NULL AUTO_INCREMENT,
  `restaurant_id` int(11) NOT NULL,
  `type` int(2) NOT NULL COMMENT '0-normal;1-promotion/event (with validity period)',
  `start_date` date DEFAULT NULL,
  `end_date` date DEFAULT NULL,
  `title` varchar(255) NOT NULL,
  `content` text NOT NULL,
  `publish_time` datetime NOT NULL,
  PRIMARY KEY (`id`),
  KEY `restaurant_id` (`restaurant_id`)
) ENGINE=MyISAM DEFAULT CHARSET=utf8 AUTO_INCREMENT=1 ;

-- --------------------------------------------------------

--
-- Table structure for table `categories`
--

CREATE TABLE IF NOT EXISTS `categories` (
  `abbrev` varchar(5) NOT NULL,
  `description` varchar(255) NOT NULL,
  PRIMARY KEY (`abbrev`)
) ENGINE=MyISAM DEFAULT CHARSET=utf8;

--
-- Dumping data for table `categories`
--

INSERT INTO `categories` (`abbrev`, `description`) VALUES
('cd', 'Casual dining'),
('cf', 'Coffe shop'),
('ff', 'Fast food'),
('lx', 'Luxury'),
('pub', 'Pub');

-- --------------------------------------------------------

--
-- Table structure for table `comments`
--

CREATE TABLE IF NOT EXISTS `comments` (
  `id` int(11) NOT NULL AUTO_INCREMENT,
  `user_id` int(11) NOT NULL,
  `review_id` int(11) NOT NULL,
  `content` text NOT NULL,
  `publish_time` datetime NOT NULL,
  PRIMARY KEY (`id`),
  KEY `user_id` (`user_id`,`review_id`),
  KEY `review_id` (`review_id`)
) ENGINE=MyISAM DEFAULT CHARSET=utf8 AUTO_INCREMENT=1 ;

-- --------------------------------------------------------

--
-- Table structure for table `countries`
--

CREATE TABLE IF NOT EXISTS `countries` (
  `abbrev` varchar(3) NOT NULL,
  `name` varchar(255) NOT NULL,
  PRIMARY KEY (`abbrev`)
) ENGINE=MyISAM DEFAULT CHARSET=utf8;

--
-- Dumping data for table `countries`
--

INSERT INTO `countries` (`abbrev`, `name`) VALUES
('be', 'Belgium'),
('en', 'England'),
('fr', 'France'),
('nl', 'Netherlands'),
('vn', 'Vietnam');

-- --------------------------------------------------------

--
-- Table structure for table `languages`
--

CREATE TABLE IF NOT EXISTS `languages` (
  `abbrev` varchar(3) NOT NULL,
  `name` varchar(255) NOT NULL,
  PRIMARY KEY (`abbrev`)
) ENGINE=MyISAM DEFAULT CHARSET=utf8;

--
-- Dumping data for table `languages`
--

INSERT INTO `languages` (`abbrev`, `name`) VALUES
('de', 'German'),
('en', 'English'),
('fr', 'French'),
('jp', 'Japanese'),
('nl', 'Dutch'),
('vn', 'Vietnamese');

-- --------------------------------------------------------

--
-- Table structure for table `medias`
--

CREATE TABLE IF NOT EXISTS `medias` (
  `id` int(11) NOT NULL AUTO_INCREMENT,
  `album_id` int(11) NOT NULL,
  `user_id` int(11) NOT NULL,
  `filename` varchar(255) NOT NULL COMMENT 'name of the file ',
  `caption` text,
  PRIMARY KEY (`id`),
  UNIQUE KEY `filename` (`filename`),
  KEY `album_id` (`album_id`)
) ENGINE=MyISAM  DEFAULT CHARSET=utf8 AUTO_INCREMENT=212 ;

--
-- Dumping data for table `medias`
--


-- --------------------------------------------------------

--
-- Table structure for table `notifications`
--

CREATE TABLE IF NOT EXISTS `notifications` (
  `id` int(11) NOT NULL AUTO_INCREMENT,
  `user_id` int(11) DEFAULT NULL,
  `restaurant_id` int(11) DEFAULT NULL,
  `review_id` int(11) DEFAULT NULL,
  `type_id` int(11) DEFAULT NULL,
  `status` varchar(100) DEFAULT NULL,
  `created_date` datetime DEFAULT NULL,
  `updated_date` datetime DEFAULT NULL,
  `count` int(11) DEFAULT NULL,
  PRIMARY KEY (`id`)
) ENGINE=MyISAM  DEFAULT CHARSET=utf8 AUTO_INCREMENT=1534 ;

--
-- Dumping data for table `notifications`
--

INSERT INTO `notifications` (`id`, `user_id`, `restaurant_id`, `review_id`, `type_id`, `status`, `created_date`, `updated_date`, `count`) VALUES
(1458, 10, 755, 869, 1, 'unseen', '2014-12-07 21:20:59', '0000-00-00 00:00:00', 1),
(1457, 12, 755, 869, 1, 'unseen', '2014-12-07 21:20:59', '0000-00-00 00:00:00', 1),
(1454, 10, 755, 867, 1, 'seen', '2014-12-07 21:11:53', '0000-00-00 00:00:00', 1),
(1453, 12, 755, 867, 1, 'unseen', '2014-12-07 21:11:53', '0000-00-00 00:00:00', 1),
(1452, 10, 755, 866, 1, 'seen', '2014-12-07 21:11:40', '0000-00-00 00:00:00', 1),
(1451, 12, 755, 866, 1, 'unseen', '2014-12-07 21:11:40', '0000-00-00 00:00:00', 1),
(1456, 10, 755, 868, 1, 'unseen', '2014-12-07 21:20:31', '0000-00-00 00:00:00', 1),
(1455, 12, 755, 868, 1, 'unseen', '2014-12-07 21:20:31', '0000-00-00 00:00:00', 1),
(1459, 13, 756, 870, 1, 'unseen', '2014-12-09 00:52:36', '0000-00-00 00:00:00', 1),
(1460, 13, 756, 871, 1, 'unseen', '2014-12-09 00:55:42', '0000-00-00 00:00:00', 1),
(1461, 13, 756, 872, 1, 'seen', '2014-12-09 00:57:22', '0000-00-00 00:00:00', 1),
(1462, 13, 756, 873, 1, 'unseen', '2014-12-09 00:57:57', '0000-00-00 00:00:00', 1),
(1463, 13, 756, 874, 1, 'unseen', '2014-12-09 00:58:44', '0000-00-00 00:00:00', 1),
(1464, 13, 756, 875, 1, 'unseen', '2014-12-09 01:04:34', '0000-00-00 00:00:00', 1),
(1465, 13, 756, 876, 1, 'unseen', '2014-12-09 01:05:16', '0000-00-00 00:00:00', 1),
(1466, 13, 756, 877, 1, 'unseen', '2014-12-09 01:05:42', '0000-00-00 00:00:00', 1),
(1467, 13, 756, 878, 1, 'seen', '2014-12-09 01:07:24', '0000-00-00 00:00:00', 1),
(1468, 13, 756, 879, 1, 'seen', '2014-12-09 01:07:45', '0000-00-00 00:00:00', 1),
(1469, 13, 756, 880, 1, 'seen', '2014-12-09 01:17:43', '0000-00-00 00:00:00', 1),
(1470, 13, 756, 881, 1, 'seen', '2014-12-09 01:17:49', '0000-00-00 00:00:00', 1),
(1471, 13, 756, 882, 1, 'seen', '2014-12-09 01:17:56', '0000-00-00 00:00:00', 1),
(1472, 13, 756, 883, 1, 'seen', '2014-12-09 01:18:09', '0000-00-00 00:00:00', 1),
(1473, 13, 756, 884, 1, 'seen', '2014-12-09 01:19:09', '0000-00-00 00:00:00', 1),
(1474, 13, 756, 885, 1, 'seen', '2014-12-09 01:21:06', '0000-00-00 00:00:00', 1),
(1475, 13, 756, 886, 1, 'seen', '2014-12-09 01:21:28', '0000-00-00 00:00:00', 1),
(1476, 13, 756, 887, 1, 'unseen', '2014-12-09 01:22:12', '0000-00-00 00:00:00', 1),
(1477, 13, 756, 888, 1, 'seen', '2014-12-09 01:26:51', '0000-00-00 00:00:00', 1),
(1478, 13, 756, 889, 1, 'seen', '2014-12-09 01:34:24', '0000-00-00 00:00:00', 1),
(1479, 13, 756, 890, 1, 'unseen', '2014-12-09 01:35:04', '0000-00-00 00:00:00', 1),
(1480, 13, 756, 891, 1, 'unseen', '2014-12-09 01:46:02', '0000-00-00 00:00:00', 1),
(1481, 13, 756, 892, 1, 'unseen', '2014-12-09 01:53:14', '0000-00-00 00:00:00', 1),
(1482, 13, 756, 893, 1, 'unseen', '2014-12-09 01:54:41', '0000-00-00 00:00:00', 1),
(1483, 13, 756, 894, 1, 'unseen', '2014-12-09 01:55:27', '0000-00-00 00:00:00', 1),
(1484, 13, 756, 895, 1, 'unseen', '2014-12-09 02:00:23', '0000-00-00 00:00:00', 1),
(1485, 13, 756, 896, 1, 'unseen', '2014-12-09 02:00:30', '0000-00-00 00:00:00', 1),
(1486, 13, 756, 897, 1, 'unseen', '2014-12-09 02:02:42', '0000-00-00 00:00:00', 1),
(1487, 13, 756, 898, 1, 'unseen', '2014-12-09 02:02:59', '0000-00-00 00:00:00', 1),
(1488, 13, 756, 899, 1, 'unseen', '2014-12-09 02:03:12', '0000-00-00 00:00:00', 1),
(1489, 13, 756, 900, 1, 'unseen', '2014-12-09 02:03:49', '0000-00-00 00:00:00', 1),
(1490, 13, 756, 901, 1, 'unseen', '2014-12-09 02:04:41', '0000-00-00 00:00:00', 1),
(1491, 13, 756, 902, 1, 'unseen', '2014-12-09 02:05:08', '0000-00-00 00:00:00', 1),
(1492, 13, 756, 903, 1, 'unseen', '2014-12-09 02:05:20', '0000-00-00 00:00:00', 1),
(1493, 13, 756, 904, 1, 'unseen', '2014-12-09 02:05:43', '0000-00-00 00:00:00', 1),
(1494, 13, 756, 905, 1, 'unseen', '2014-12-09 02:05:56', '0000-00-00 00:00:00', 1),
(1495, 13, 756, 906, 1, 'unseen', '2014-12-09 02:15:17', '0000-00-00 00:00:00', 1),
(1496, 13, 756, 907, 1, 'unseen', '2014-12-09 02:15:27', '0000-00-00 00:00:00', 1),
(1497, 14, 1015, 908, 1, 'unseen', '2014-12-09 11:20:52', '0000-00-00 00:00:00', 1),
(1498, 14, 1015, 909, 1, 'unseen', '2014-12-09 11:21:07', '0000-00-00 00:00:00', 1),
(1499, 14, 1015, 910, 1, 'unseen', '2014-12-09 11:29:11', '0000-00-00 00:00:00', 1),
(1500, 14, 1015, 911, 1, 'seen', '2014-12-09 11:30:26', '0000-00-00 00:00:00', 1),
(1501, 14, 1015, 912, 1, 'unseen', '2014-12-09 11:30:33', '0000-00-00 00:00:00', 1),
(1502, 14, 1015, 913, 1, 'seen', '2014-12-09 11:42:56', '0000-00-00 00:00:00', 1),
(1503, 14, 1015, 914, 1, 'seen', '2014-12-09 11:48:41', '0000-00-00 00:00:00', 1),
(1504, 14, 1015, 915, 1, 'unseen', '2014-12-09 11:50:20', '0000-00-00 00:00:00', 1),
(1505, 14, 1015, 916, 1, 'unseen', '2014-12-09 12:34:23', '0000-00-00 00:00:00', 1),
(1506, 14, 1015, 917, 1, 'seen', '2014-12-09 12:34:48', '0000-00-00 00:00:00', 1),
(1507, 14, 1015, 918, 1, 'unseen', '2014-12-09 12:35:07', '0000-00-00 00:00:00', 1),
(1508, 14, 1015, 919, 1, 'unseen', '2014-12-09 12:36:33', '0000-00-00 00:00:00', 1),
(1509, 14, 1015, 920, 1, 'seen', '2014-12-09 12:38:19', '0000-00-00 00:00:00', 1),
(1510, 14, 1015, 921, 1, 'unseen', '2014-12-09 12:39:18', '0000-00-00 00:00:00', 1),
(1511, 14, 1015, 922, 1, 'unseen', '2014-12-09 12:40:42', '0000-00-00 00:00:00', 1),
(1512, 14, 1015, 923, 1, 'unseen', '2014-12-09 12:40:57', '0000-00-00 00:00:00', 1),
(1513, 14, 1015, 924, 1, 'unseen', '2014-12-09 12:41:16', '0000-00-00 00:00:00', 1),
(1514, 14, 1015, 925, 1, 'unseen', '2014-12-09 12:41:26', '0000-00-00 00:00:00', 1),
(1515, 14, 1015, 926, 1, 'unseen', '2014-12-09 12:43:18', '0000-00-00 00:00:00', 1),
(1516, 14, 1015, 927, 1, 'unseen', '2014-12-09 12:43:33', '0000-00-00 00:00:00', 1),
(1517, 14, 1015, 928, 1, 'unseen', '2014-12-09 12:44:01', '0000-00-00 00:00:00', 1),
(1518, 14, 1015, 942, 1, 'unseen', '2014-12-11 23:07:54', '0000-00-00 00:00:00', 1),
(1519, 14, 1015, 943, 1, 'unseen', '2014-12-11 23:11:10', '0000-00-00 00:00:00', 1),
(1520, 14, 1015, 944, 1, 'unseen', '2014-12-11 23:13:28', '0000-00-00 00:00:00', 1),
(1521, 14, 1015, 945, 1, 'unseen', '2014-12-11 23:15:17', '0000-00-00 00:00:00', 1),
(1522, 14, 1015, 946, 1, 'unseen', '2014-12-11 23:17:12', '0000-00-00 00:00:00', 1),
(1523, 14, 1015, 947, 1, 'unseen', '2014-12-11 23:19:14', '0000-00-00 00:00:00', 1),
(1524, 14, 1015, 948, 1, 'unseen', '2014-12-11 23:37:56', '0000-00-00 00:00:00', 1),
(1525, 14, 1015, 949, 1, 'unseen', '2014-12-11 23:38:32', '0000-00-00 00:00:00', 1),
(1526, 14, 1015, 950, 1, 'unseen', '2014-12-11 23:45:35', '0000-00-00 00:00:00', 1),
(1527, 14, 1015, 951, 1, 'unseen', '2014-12-11 23:51:47', '0000-00-00 00:00:00', 1),
(1528, 14, 1015, 952, 1, 'unseen', '2014-12-11 23:52:24', '0000-00-00 00:00:00', 1),
(1529, 14, 1015, 953, 1, 'unseen', '2014-12-11 23:56:33', '0000-00-00 00:00:00', 1),
(1530, 14, 1015, 954, 1, 'unseen', '2014-12-12 01:32:56', '0000-00-00 00:00:00', 1),
(1531, 14, 1015, 955, 1, 'unseen', '2014-12-12 02:40:25', '0000-00-00 00:00:00', 1),
(1532, 14, 1015, 957, 1, 'unseen', '2014-12-13 00:54:47', '0000-00-00 00:00:00', 1),
(1533, 14, 1015, 958, 1, 'unseen', '2014-12-13 00:54:52', '0000-00-00 00:00:00', 1);

-- --------------------------------------------------------

--
-- Table structure for table `notification_subscribe`
--

CREATE TABLE IF NOT EXISTS `notification_subscribe` (
  `id` int(11) NOT NULL AUTO_INCREMENT,
  `user_id` int(11) DEFAULT NULL,
  `channel_id` int(11) DEFAULT NULL,
  PRIMARY KEY (`id`)
) ENGINE=InnoDB  DEFAULT CHARSET=utf8 COLLATE=utf8_unicode_ci AUTO_INCREMENT=26 ;

--
-- Dumping data for table `notification_subscribe`
--

INSERT INTO `notification_subscribe` (`id`, `user_id`, `channel_id`) VALUES
(22, 12, 755),
(23, 10, 755),
(24, 13, 756),
(25, 14, 1015);

-- --------------------------------------------------------

--
-- Table structure for table `restaurants`
--

CREATE TABLE IF NOT EXISTS `restaurants` (
  `id` int(11) NOT NULL AUTO_INCREMENT,
  `owner_id` int(11) NOT NULL,
  `name` varchar(255) NOT NULL,
  `address_number` int(11) DEFAULT NULL,
  `address_street` varchar(255) NOT NULL,
  `address_ward` varchar(255) NOT NULL,
  `address_city` varchar(255) NOT NULL,
  `zipcode` varchar(10) NOT NULL,
  `phone_number` varchar(15) NOT NULL,
  `email` varchar(255) DEFAULT NULL,
  `website` varchar(255) DEFAULT NULL,
  `capacity` int(11) NOT NULL,
  `opening_hour` int(2) unsigned NOT NULL,
  `closing_hour` int(2) unsigned NOT NULL,
  `lowest_price` int(10) unsigned DEFAULT NULL,
  `highest_price` int(10) unsigned DEFAULT NULL,
  `description` text NOT NULL,
  `average_score` int(1) NOT NULL,
  `album_id` int(11) NOT NULL,
  `restaurantscol` varchar(45) DEFAULT NULL,
  `address` varchar(45) DEFAULT NULL,
  `rating` float DEFAULT NULL,
  `latlong` varchar(255) DEFAULT NULL,
  `updated_time` datetime DEFAULT NULL,
  `address_country` varchar(45) DEFAULT NULL,
  PRIMARY KEY (`id`),
  KEY `owner_id` (`owner_id`),
  KEY `address_city` (`address_city`)
) ENGINE=MyISAM  DEFAULT CHARSET=utf8 AUTO_INCREMENT=1055 ;

--
-- Dumping data for table `restaurants`
--

INSERT INTO `restaurants` (`id`, `owner_id`, `name`, `address_number`, `address_street`, `address_ward`, `address_city`, `zipcode`, `phone_number`, `email`, `website`, `capacity`, `opening_hour`, `closing_hour`, `lowest_price`, `highest_price`, `description`, `average_score`, `album_id`, `restaurantscol`, `address`, `rating`, `latlong`, `updated_time`, `address_country`) VALUES
(756, 0, '', NULL, '', '', '', '', '', NULL, NULL, 0, 0, 0, NULL, NULL, '', 0, 0, NULL, NULL, NULL, NULL, '2014-12-07 09:05:23', NULL),
(757, 0, '', NULL, '', '', '', '', '', NULL, NULL, 0, 0, 0, NULL, NULL, '', 0, 0, NULL, NULL, NULL, NULL, '2014-12-07 09:05:23', NULL),
(755, 0, 'Pizza Napoli', 1, '6', '', 'Trouts Rd', 'Queensland', '+61 7 3354 3005', NULL, 'http://pizzanapolievertonpark.com.au/', 0, 0, 0, NULL, NULL, '', 0, 0, NULL, '1/6 Trouts Rd, Everton Park QLD 4053, Austral', NULL, '-27.406704,152.998197', NULL, 'Everton Park'),
(754, 0, 'Tomato Brothers Wilston', 75, 'Kedron Brook Rd', '', 'Wilston', 'Australia', '+61 7 3356 4444', NULL, 'http://www.tomatobrotherswilston.com/', 0, 0, 0, NULL, NULL, '', 0, 0, NULL, '75 Kedron Brook Rd, Wilston QLD 4051, Austral', 3.8, '-27.432646,153.020086', NULL, 'Queensland'),
(753, 0, 'Orlando''s Italian Restaurant & Pizzeria', 1, '398', '', 'Tarragindi Rd', 'Queensland', '+61 7 3392 8633', NULL, 'http://www.orlandositalianrestaurant.com.au/', 0, 0, 0, NULL, NULL, '', 0, 0, NULL, '1/398 Tarragindi Rd, Moorooka QLD 4105, Austr', 4.3, '-27.535441,153.032599', NULL, 'Moorooka'),
(752, 0, 'Neo Pizza Pasta Gelati', 36, 'Gladstone Rd', '', 'Highgate Hill', 'Australia', '+61 7 3217 2515', NULL, NULL, 0, 0, 0, NULL, NULL, '', 0, 0, NULL, '36 Gladstone Rd, Highgate Hill QLD 4101, Aust', 3.9, '-27.484716,153.019908', NULL, 'Queensland'),
(751, 0, 'Arrivederci Pizza Al Metro', 1, '1', '', 'Park Rd', 'Queensland', '+61 7 3369 8500', NULL, 'http://www.arrivedercipizza.com.au/', 0, 0, 0, NULL, NULL, '', 0, 0, NULL, '1/1 Park Rd, Milton QLD 4064, Australia', 4, '-27.469978,153.004187', NULL, 'Milton'),
(750, 0, 'Naples Pizza Restaurant', 486, 'Waterworks Rd', '', 'Ashgrove', 'Australia', '+61 7 3366 1366', NULL, 'http://www.naplespizzaashgrove.com.au/', 0, 0, 0, NULL, NULL, '', 0, 0, NULL, '486 Waterworks Rd, Ashgrove QLD 4060, Austral', 2.6, '-27.449303,152.978209', NULL, 'Queensland'),
(749, 0, 'Earth ''n'' Sea Pizza & Pasta', 385, 'Cavendish Rd', '', 'Coorparoo', 'Australia', '+61 7 3847 7780', NULL, 'http://www.earthnseabrisbane.com.au/', 0, 0, 0, NULL, NULL, '', 0, 0, NULL, '385 Cavendish Rd, Coorparoo QLD 4151, Austral', 4, '-27.50696,153.063308', NULL, 'Queensland'),
(748, 0, 'Pizza Hut Mt Gravatt', 1, '1888', '', 'Logan Rd', 'Queensland', '+61 1300 749 92', NULL, 'http://www.pizzahut.com.au/stores/pizza-hut-mt-gravatt-upper', 0, 0, 0, NULL, NULL, '', 0, 0, NULL, '1/1888 Logan Rd, UPPER Mt GRAVATT QLD 4122, A', 3.3, '-27.555108,153.080403', NULL, 'UPPER Mt GRAVATT'),
(747, 0, 'Domino''s Pizza Woolloongabba', 4, '468', '', 'Vulture St', 'Queensland', '+61 7 3008 6066', NULL, 'http://www.dominos.com.au/store/qld/woolloongabba/98005', 0, 0, 0, NULL, NULL, '', 0, 0, NULL, '4/468 Vulture St, Woolloongabba QLD 4102, Aus', NULL, '-27.48475,153.039006', NULL, 'Woolloongabba'),
(746, 0, 'Pizza Capers', 17, 'Samuel St', '', 'Camp Hill', 'Australia', '+61 7 3395 2111', NULL, 'http://www.pizzacapers.com.au/store-locator/camp-hill/', 0, 0, 0, NULL, NULL, '', 0, 0, NULL, '3/235 Boundary St, West End QLD 4101, Austral', NULL, '-27.482749,153.011471', NULL, 'Queensland'),
(745, 0, 'Crust Pizza East Brisbane', 888, 'Stanley St E', '', 'East Brisbane', 'Australia', '+61 7 3391 5783', NULL, 'https://www.crust.com.au/?utm_source=google&utm_medium=places&utm_content=east-brisbane&utm_campaign=googleplaces', 0, 0, 0, NULL, NULL, '', 0, 0, NULL, '888 Stanley St E, East Brisbane QLD 4169, Aus', NULL, '-27.486996,153.040604', NULL, 'Queensland'),
(744, 0, 'Pizza Hut', 2, '80', '', 'Ipswich Rd', 'Queensland', '+61 1300 749 92', NULL, 'http://www.pizzahut.com.au/stores/pizza-hut-woolloongabba', 0, 0, 0, NULL, NULL, '', 0, 0, NULL, '2/80 Ipswich Rd, Woolloongabba QLD 4102, Aust', NULL, '-27.49115,153.035729', NULL, 'Woolloongabba'),
(743, 0, 'Puccini Pizza Pasta Gelati Bar', 0, '6', '', 'Gapap St', 'Queensland', '+61 7 3848 9500', NULL, 'http://www.puccinispizzapastagelatibar.com.au/', 0, 0, 0, NULL, NULL, '', 0, 0, NULL, 'Shop 2/6 Gapap St, Tarragindi QLD 4121, Austr', 4.5, '-27.533436,153.044995', NULL, 'Tarragindi'),
(742, 0, 'Spizzico', 721, 'Main St', '', 'Kangaroo Point', 'Australia', '+61 7 3391 7077', NULL, 'http://www.spizzico.com.au/', 0, 0, 0, NULL, NULL, '', 0, 0, NULL, '721 Main St, Kangaroo Point QLD 4169, Austral', 4, '-27.481658,153.03522', NULL, 'Queensland'),
(739, 0, 'Vespa Pizza', 617, 'Stanley St', '', 'Brisbane', 'Australia', '+61 7 3391 4300', NULL, 'http://www.vespapizza.com.au/', 0, 0, 0, NULL, NULL, '', 0, 0, NULL, '148 Merthyr Rd, New Farm QLD 4005, Australia', 3.3, '-27.464186,153.048944', NULL, 'Queensland'),
(740, 0, 'Paninni Pizza Restaurant & Takeway', 28, 'Carrara St', '', 'Mt Gravatt East', 'Australia', '+61 7 3343 3618', NULL, 'http://www.paninni.com.au/Menu_Paninni_largest_woodfired_pizza_brisbane.htm', 0, 0, 0, NULL, NULL, '', 0, 0, NULL, '28 Carrara St, Mt Gravatt East QLD 4122, Aust', 4.6, '-27.524056,153.081362', NULL, 'Queensland'),
(741, 0, 'Pizzeria 1760', 2, '92', '', 'Hyde Rd', 'Queensland', '+61 7 3892 7788', NULL, 'http://woodfiredpizzabrisbane.com.au/', 0, 0, 0, NULL, NULL, '', 0, 0, NULL, '2/92 Hyde Rd, Yeronga QLD 4104, Australia', NULL, '-27.511946,153.014337', NULL, 'Yeronga'),
(767, 0, '', NULL, '', '', '', '', '', NULL, NULL, 0, 0, 0, NULL, NULL, '', 0, 0, NULL, NULL, NULL, NULL, '2014-12-07 09:05:24', NULL),
(768, 0, '', NULL, '', '', '', '', '', NULL, NULL, 0, 0, 0, NULL, NULL, '', 0, 0, NULL, NULL, NULL, NULL, '2014-12-07 09:05:24', NULL),
(769, 0, '', NULL, '', '', '', '', '', NULL, NULL, 0, 0, 0, NULL, NULL, '', 0, 0, NULL, NULL, NULL, NULL, '2014-12-07 09:05:24', NULL),
(770, 0, '', NULL, '', '', '', '', '', NULL, NULL, 0, 0, 0, NULL, NULL, '', 0, 0, NULL, NULL, NULL, NULL, '2014-12-07 09:05:24', NULL),
(771, 0, '', NULL, '', '', '', '', '', NULL, NULL, 0, 0, 0, NULL, NULL, '', 0, 0, NULL, NULL, NULL, NULL, '2014-12-07 09:05:24', NULL),
(772, 0, '', NULL, '', '', '', '', '', NULL, NULL, 0, 0, 0, NULL, NULL, '', 0, 0, NULL, NULL, NULL, NULL, '2014-12-07 09:05:24', NULL),
(773, 0, '', NULL, '', '', '', '', '', NULL, NULL, 0, 0, 0, NULL, NULL, '', 0, 0, NULL, NULL, NULL, NULL, '2014-12-07 09:05:24', NULL),
(774, 0, '', NULL, '', '', '', '', '', NULL, NULL, 0, 0, 0, NULL, NULL, '', 0, 0, NULL, NULL, NULL, NULL, '2014-12-07 09:05:24', NULL),
(775, 0, '', NULL, '', '', '', '', '', NULL, NULL, 0, 0, 0, NULL, NULL, '', 0, 0, NULL, NULL, NULL, NULL, '2014-12-07 09:05:24', NULL),
(776, 0, '', NULL, '', '', '', '', '', NULL, NULL, 0, 0, 0, NULL, NULL, '', 0, 0, NULL, NULL, NULL, NULL, '2014-12-07 09:05:24', NULL),
(777, 0, '', NULL, '', '', '', '', '', NULL, NULL, 0, 0, 0, NULL, NULL, '', 0, 0, NULL, NULL, NULL, NULL, '2014-12-07 09:05:24', NULL),
(778, 0, '', NULL, '', '', '', '', '', NULL, NULL, 0, 0, 0, NULL, NULL, '', 0, 0, NULL, NULL, NULL, NULL, '2014-12-07 09:05:24', NULL),
(779, 0, '', NULL, '', '', '', '', '', NULL, NULL, 0, 0, 0, NULL, NULL, '', 0, 0, NULL, NULL, NULL, NULL, '2014-12-07 09:05:24', NULL),
(780, 0, '', NULL, '', '', '', '', '', NULL, NULL, 0, 0, 0, NULL, NULL, '', 0, 0, NULL, NULL, NULL, NULL, '2014-12-07 09:05:24', NULL),
(781, 0, '', NULL, '', '', '', '', '', NULL, NULL, 0, 0, 0, NULL, NULL, '', 0, 0, NULL, NULL, NULL, NULL, '2014-12-07 09:05:25', NULL),
(782, 0, '', NULL, '', '', '', '', '', NULL, NULL, 0, 0, 0, NULL, NULL, '', 0, 0, NULL, NULL, NULL, NULL, '2014-12-07 09:05:25', NULL),
(783, 0, '', NULL, '', '', '', '', '', NULL, NULL, 0, 0, 0, NULL, NULL, '', 0, 0, NULL, NULL, NULL, NULL, '2014-12-07 09:05:25', NULL),
(784, 0, '', NULL, '', '', '', '', '', NULL, NULL, 0, 0, 0, NULL, NULL, '', 0, 0, NULL, NULL, NULL, NULL, '2014-12-07 09:05:25', NULL),
(785, 0, '', NULL, '', '', '', '', '', NULL, NULL, 0, 0, 0, NULL, NULL, '', 0, 0, NULL, NULL, NULL, NULL, '2014-12-07 09:05:25', NULL),
(786, 0, '', NULL, '', '', '', '', '', NULL, NULL, 0, 0, 0, NULL, NULL, '', 0, 0, NULL, NULL, NULL, NULL, '2014-12-07 09:05:25', NULL),
(787, 0, '', NULL, '', '', '', '', '', NULL, NULL, 0, 0, 0, NULL, NULL, '', 0, 0, NULL, NULL, NULL, NULL, '2014-12-07 09:05:25', NULL),
(788, 0, '', NULL, '', '', '', '', '', NULL, NULL, 0, 0, 0, NULL, NULL, '', 0, 0, NULL, NULL, NULL, NULL, '2014-12-07 09:05:26', NULL),
(789, 0, '', NULL, '', '', '', '', '', NULL, NULL, 0, 0, 0, NULL, NULL, '', 0, 0, NULL, NULL, NULL, NULL, '2014-12-07 09:05:26', NULL),
(790, 0, '', NULL, '', '', '', '', '', NULL, NULL, 0, 0, 0, NULL, NULL, '', 0, 0, NULL, NULL, NULL, NULL, '2014-12-07 09:05:26', NULL),
(791, 0, '', NULL, '', '', '', '', '', NULL, NULL, 0, 0, 0, NULL, NULL, '', 0, 0, NULL, NULL, NULL, NULL, '2014-12-07 09:05:26', NULL),
(792, 0, '', NULL, '', '', '', '', '', NULL, NULL, 0, 0, 0, NULL, NULL, '', 0, 0, NULL, NULL, NULL, NULL, '2014-12-07 09:05:26', NULL),
(793, 0, '', NULL, '', '', '', '', '', NULL, NULL, 0, 0, 0, NULL, NULL, '', 0, 0, NULL, NULL, NULL, NULL, '2014-12-07 09:05:26', NULL),
(794, 0, '', NULL, '', '', '', '', '', NULL, NULL, 0, 0, 0, NULL, NULL, '', 0, 0, NULL, NULL, NULL, NULL, '2014-12-07 09:05:26', NULL),
(795, 0, '', NULL, '', '', '', '', '', NULL, NULL, 0, 0, 0, NULL, NULL, '', 0, 0, NULL, NULL, NULL, NULL, '2014-12-07 09:05:26', NULL),
(796, 0, '', NULL, '', '', '', '', '', NULL, NULL, 0, 0, 0, NULL, NULL, '', 0, 0, NULL, NULL, NULL, NULL, '2014-12-07 09:05:26', NULL),
(797, 0, '', NULL, '', '', '', '', '', NULL, NULL, 0, 0, 0, NULL, NULL, '', 0, 0, NULL, NULL, NULL, NULL, '2014-12-07 09:05:26', NULL),
(798, 0, '', NULL, '', '', '', '', '', NULL, NULL, 0, 0, 0, NULL, NULL, '', 0, 0, NULL, NULL, NULL, NULL, '2014-12-07 09:05:26', NULL),
(799, 0, '', NULL, '', '', '', '', '', NULL, NULL, 0, 0, 0, NULL, NULL, '', 0, 0, NULL, NULL, NULL, NULL, '2014-12-07 09:05:26', NULL),
(800, 0, '', NULL, '', '', '', '', '', NULL, NULL, 0, 0, 0, NULL, NULL, '', 0, 0, NULL, NULL, NULL, NULL, '2014-12-07 09:05:26', NULL),
(801, 0, '', NULL, '', '', '', '', '', NULL, NULL, 0, 0, 0, NULL, NULL, '', 0, 0, NULL, NULL, NULL, NULL, '2014-12-07 09:05:26', NULL),
(802, 0, '', NULL, '', '', '', '', '', NULL, NULL, 0, 0, 0, NULL, NULL, '', 0, 0, NULL, NULL, NULL, NULL, '2014-12-07 09:05:26', NULL),
(803, 0, '', NULL, '', '', '', '', '', NULL, NULL, 0, 0, 0, NULL, NULL, '', 0, 0, NULL, NULL, NULL, NULL, '2014-12-07 09:05:27', NULL),
(804, 0, '', NULL, '', '', '', '', '', NULL, NULL, 0, 0, 0, NULL, NULL, '', 0, 0, NULL, NULL, NULL, NULL, '2014-12-07 09:05:27', NULL),
(805, 0, '', NULL, '', '', '', '', '', NULL, NULL, 0, 0, 0, NULL, NULL, '', 0, 0, NULL, NULL, NULL, NULL, '2014-12-07 09:05:27', NULL),
(806, 0, '', NULL, '', '', '', '', '', NULL, NULL, 0, 0, 0, NULL, NULL, '', 0, 0, NULL, NULL, NULL, NULL, '2014-12-07 09:05:27', NULL),
(807, 0, '', NULL, '', '', '', '', '', NULL, NULL, 0, 0, 0, NULL, NULL, '', 0, 0, NULL, NULL, NULL, NULL, '2014-12-07 09:05:27', NULL),
(808, 0, '', NULL, '', '', '', '', '', NULL, NULL, 0, 0, 0, NULL, NULL, '', 0, 0, NULL, NULL, NULL, NULL, '2014-12-07 09:05:27', NULL),
(809, 0, '', NULL, '', '', '', '', '', NULL, NULL, 0, 0, 0, NULL, NULL, '', 0, 0, NULL, NULL, NULL, NULL, '2014-12-07 09:05:27', NULL),
(810, 0, '', NULL, '', '', '', '', '', NULL, NULL, 0, 0, 0, NULL, NULL, '', 0, 0, NULL, NULL, NULL, NULL, '2014-12-07 09:05:27', NULL),
(811, 0, '', NULL, '', '', '', '', '', NULL, NULL, 0, 0, 0, NULL, NULL, '', 0, 0, NULL, NULL, NULL, NULL, '2014-12-07 09:05:27', NULL),
(812, 0, '', NULL, '', '', '', '', '', NULL, NULL, 0, 0, 0, NULL, NULL, '', 0, 0, NULL, NULL, NULL, NULL, '2014-12-07 09:05:27', NULL),
(813, 0, '', NULL, '', '', '', '', '', NULL, NULL, 0, 0, 0, NULL, NULL, '', 0, 0, NULL, NULL, NULL, NULL, '2014-12-07 09:05:27', NULL),
(814, 0, '', NULL, '', '', '', '', '', NULL, NULL, 0, 0, 0, NULL, NULL, '', 0, 0, NULL, NULL, NULL, NULL, '2014-12-07 09:05:27', NULL),
(815, 0, '', NULL, '', '', '', '', '', NULL, NULL, 0, 0, 0, NULL, NULL, '', 0, 0, NULL, NULL, NULL, NULL, '2014-12-07 09:05:27', NULL),
(816, 0, '', NULL, '', '', '', '', '', NULL, NULL, 0, 0, 0, NULL, NULL, '', 0, 0, NULL, NULL, NULL, NULL, '2014-12-07 09:05:27', NULL),
(817, 0, '', NULL, '', '', '', '', '', NULL, NULL, 0, 0, 0, NULL, NULL, '', 0, 0, NULL, NULL, NULL, NULL, '2014-12-07 09:05:27', NULL),
(818, 0, '', NULL, '', '', '', '', '', NULL, NULL, 0, 0, 0, NULL, NULL, '', 0, 0, NULL, NULL, NULL, NULL, '2014-12-07 09:05:27', NULL),
(819, 0, '', NULL, '', '', '', '', '', NULL, NULL, 0, 0, 0, NULL, NULL, '', 0, 0, NULL, NULL, NULL, NULL, '2014-12-07 09:05:27', NULL),
(820, 0, '', NULL, '', '', '', '', '', NULL, NULL, 0, 0, 0, NULL, NULL, '', 0, 0, NULL, NULL, NULL, NULL, '2014-12-07 09:05:27', NULL),
(821, 0, '', NULL, '', '', '', '', '', NULL, NULL, 0, 0, 0, NULL, NULL, '', 0, 0, NULL, NULL, NULL, NULL, '2014-12-07 09:05:27', NULL),
(822, 0, '', NULL, '', '', '', '', '', NULL, NULL, 0, 0, 0, NULL, NULL, '', 0, 0, NULL, NULL, NULL, NULL, '2014-12-07 09:05:27', NULL),
(823, 0, '', NULL, '', '', '', '', '', NULL, NULL, 0, 0, 0, NULL, NULL, '', 0, 0, NULL, NULL, NULL, NULL, '2014-12-07 09:05:28', NULL),
(824, 0, '', NULL, '', '', '', '', '', NULL, NULL, 0, 0, 0, NULL, NULL, '', 0, 0, NULL, NULL, NULL, NULL, '2014-12-07 09:05:28', NULL),
(825, 0, '', NULL, '', '', '', '', '', NULL, NULL, 0, 0, 0, NULL, NULL, '', 0, 0, NULL, NULL, NULL, NULL, '2014-12-07 09:05:28', NULL),
(826, 0, '', NULL, '', '', '', '', '', NULL, NULL, 0, 0, 0, NULL, NULL, '', 0, 0, NULL, NULL, NULL, NULL, '2014-12-07 09:05:28', NULL),
(827, 0, '', NULL, '', '', '', '', '', NULL, NULL, 0, 0, 0, NULL, NULL, '', 0, 0, NULL, NULL, NULL, NULL, '2014-12-07 09:05:28', NULL),
(828, 0, '', NULL, '', '', '', '', '', NULL, NULL, 0, 0, 0, NULL, NULL, '', 0, 0, NULL, NULL, NULL, NULL, '2014-12-07 09:05:28', NULL),
(829, 0, '', NULL, '', '', '', '', '', NULL, NULL, 0, 0, 0, NULL, NULL, '', 0, 0, NULL, NULL, NULL, NULL, '2014-12-07 09:05:28', NULL),
(830, 0, '', NULL, '', '', '', '', '', NULL, NULL, 0, 0, 0, NULL, NULL, '', 0, 0, NULL, NULL, NULL, NULL, '2014-12-07 09:05:28', NULL),
(831, 0, '', NULL, '', '', '', '', '', NULL, NULL, 0, 0, 0, NULL, NULL, '', 0, 0, NULL, NULL, NULL, NULL, '2014-12-07 09:05:28', NULL),
(832, 0, '', NULL, '', '', '', '', '', NULL, NULL, 0, 0, 0, NULL, NULL, '', 0, 0, NULL, NULL, NULL, NULL, '2014-12-07 09:05:28', NULL),
(833, 0, '', NULL, '', '', '', '', '', NULL, NULL, 0, 0, 0, NULL, NULL, '', 0, 0, NULL, NULL, NULL, NULL, '2014-12-07 09:05:28', NULL),
(834, 0, '', NULL, '', '', '', '', '', NULL, NULL, 0, 0, 0, NULL, NULL, '', 0, 0, NULL, NULL, NULL, NULL, '2014-12-07 09:05:28', NULL),
(835, 0, 'A tutta pizza', 41, 'Via Isidoro del Lungo', '', 'Rome', 'Roma', '+39 06 822178', NULL, 'http://www.atuttapizza.com/', 0, 0, 0, NULL, NULL, '', 0, 0, NULL, 'Via Isidoro del Lungo, 41, 00137 Rome, Italy', 4.1, '41.943971,12.556361', NULL, 'Rome'),
(836, 0, 'PappaReale', 1223, 'Via Salaria', '', 'Rome', 'Italy', '+39 06 880 4503', NULL, 'http://www.pappareale.net/', 0, 0, 0, NULL, NULL, '', 0, 0, NULL, 'Via Salaria, 1223, 00138 Rome, Italy', 3.8, '41.987643,12.511366', NULL, 'Rome'),
(837, 0, 'Al Mattarello D''Oro', 292, 'Via della Bufalotta', '', 'Roma', 'Italy', '+39 06 8714 139', NULL, 'http://www.almattarellodoro.com/', 0, 0, 0, NULL, NULL, '', 0, 0, NULL, 'Via della Bufalotta, 292, 00137 Roma Rome, It', 4.4, '41.95223,12.543345', NULL, 'Rome'),
(838, 0, 'Fratelli La Bufala', 0, 'Rome', '', 'Italy', '', '+39 06 8713 194', NULL, 'http://www.fratellilabufala.eu/romaportadiroma/it/', 0, 0, 0, NULL, NULL, '', 0, 0, NULL, 'Via Alberto Lionello, 201, 00139 Rome, Italy', 3.4, '41.971065,12.539456', NULL, '00139'),
(839, 0, 'Il Nuovo Maneggio Srl', 0, 'Rome', '', 'Rome', 'Italy', '+39 06 8713 148', NULL, NULL, 0, 0, 0, NULL, NULL, '', 0, 0, NULL, 'Viale Ezra Pound, 00137 Rome, Italy', 3.8, '41.958083,12.552747', NULL, 'Lazio'),
(840, 0, 'Panificio "La Spiga D''Oro"', 53, 'Via Don Giustino Russolillo', '', 'Rome', 'Rome', '+39 06 6449 149', NULL, 'http://www.laspigadoro.org/', 0, 0, 0, NULL, NULL, '', 0, 0, NULL, 'Via Don Giustino Russolillo, 53, 00138 Rome, ', 4.3, '41.970454,12.517746', NULL, 'Roma'),
(841, 0, 'Eldorado Pizzeria S.n.c.', 14, 'Viale Gino Cervi', '', 'Rome', 'Lazio', '+39 06 8713 527', NULL, NULL, 0, 0, 0, NULL, NULL, '', 0, 0, NULL, 'Viale Gino Cervi, 14, 00139 Rome, Italy', 4, '41.963089,12.532996', NULL, 'Rome'),
(842, 0, 'Le Tre Piramidi', 23, 'Via Gaspara Stampa', '', 'Rome', 'Rome', '+39 334 320 046', NULL, NULL, 0, 0, 0, NULL, NULL, '', 0, 0, NULL, 'Via Gaspara Stampa, 23, 00137 Rome, Italy', 4.2, '41.945429,12.56046', NULL, 'Roma'),
(843, 0, 'Fiori Di Zucca Sas Di Scialanca Leonardo E C.', 21, 'Via Arturo Graf', '', 'Rome', 'Lazio', '+39 06 8200 449', NULL, NULL, 0, 0, 0, NULL, NULL, '', 0, 0, NULL, 'Via Arturo Graf, 21, 00137 Rome, Italy', NULL, '41.942232,12.552344', NULL, 'Rome'),
(844, 0, 'L''Appetitoso', 1, 'Via Don Giustino Maria Russolillo', '', 'Rome', 'Lazio', '+39 06 881 8623', NULL, NULL, 0, 0, 0, NULL, NULL, '', 0, 0, NULL, 'Via Don Giustino Maria Russolillo, 1, 00138 R', 4.6, '41.971834,12.516542', NULL, 'Rome'),
(845, 0, 'Sapore Di Pizza', 39, 'Via Luciano Zuccoli', '', 'Rome', 'Lazio', '+39 06 8713 718', NULL, 'http://www.saporedipizza-roma.it/', 0, 0, 0, NULL, NULL, '', 0, 0, NULL, 'Via Luciano Zuccoli, 39, 00137 Rome, Italy', NULL, '41.950766,12.545473', NULL, 'Rome'),
(846, 0, 'Pizzeria Le Ancore', 0, 'Rome', '', 'Rome', 'Italy', '+39 06 8720 130', NULL, NULL, 0, 0, 0, NULL, NULL, '', 0, 0, NULL, 'Via Evi Maltagliati, 00139 Rome, Italy', NULL, '41.969,12.534502', NULL, 'RM'),
(847, 0, 'Villa Verde - Ristorante Carne alla Brace Roma', 112, 'Via delle Vigne Nuove', '', 'Rome', 'Rome', '+39 06 817 1618', NULL, 'http://www.ristorantevillaverderoma.it/', 0, 0, 0, NULL, NULL, '', 0, 0, NULL, 'Via delle Vigne Nuove, 112, 00139 Rome, Italy', NULL, '41.948378,12.537162', NULL, 'Roma'),
(848, 0, 'Match', 52, 'Via Melbourne', '', 'Rome', 'RM', '+39 06 8713 391', NULL, 'http://www.matchclub.it/', 0, 0, 0, NULL, NULL, '', 0, 0, NULL, 'Via Melbourne, 52, 00139 Rome, Italy', 4, '41.972377,12.546757', NULL, 'Rome'),
(849, 0, 'Pizza Express roma', 0, 'Rome', '', 'Roma', 'RM', '+39 06 9893 475', NULL, NULL, 0, 0, 0, NULL, NULL, '', 0, 0, NULL, 'Via Faldella Giovanni, 00139 Rome, Italy', 3.2, '41.949008,12.525377', NULL, 'Rome'),
(850, 0, 'Paema Srl', 122, 'Via Renato Fucini', '', 'Rome', 'Lazio', '+39 06 827 4249', NULL, NULL, 0, 0, 0, NULL, NULL, '', 0, 0, NULL, 'Via Renato Fucini, 122, 00137 Rome, Italy', NULL, '41.951162,12.548012', NULL, 'Rome'),
(851, 0, 'Ristorante Il Bivacco', 75, 'Via Radicofani', '', 'Rome', 'Rome', '+39 347 820 640', NULL, 'http://www.ilbivacco.it/', 0, 0, 0, NULL, NULL, '', 0, 0, NULL, 'Via Radicofani, 75, 00138 Rome, Italy', NULL, '41.976538,12.507817', NULL, 'Roma'),
(852, 0, 'I Panizzeri S.A.S. Di Daniele Scalzo', 88, 'Via Carlo Ludovico Bragaglia', '', 'Roma', 'Lazio', '+39 06 8707 117', NULL, NULL, 0, 0, 0, NULL, NULL, '', 0, 0, NULL, 'Via Carlo Ludovico Bragaglia, 88, 00139 Roma ', 4.4, '41.967611,12.536753', NULL, 'Rome'),
(853, 0, 'Al Pachino', 124, 'Via della Bufalotta', '', 'Rome', 'RM', '+39 340 407 731', NULL, NULL, 0, 0, 0, NULL, NULL, '', 0, 0, NULL, 'Via della Bufalotta, 124, 00137 Rome, Italy', NULL, '41.948966,12.540859', NULL, 'Rome'),
(854, 0, 'L '' Arte Della Pizza S.R.L.', 94, 'Via Ugo Ojetti', '', 'Rome', 'Lazio', '+39 06 8689 510', NULL, NULL, 0, 0, 0, NULL, NULL, '', 0, 0, NULL, 'Via Ugo Ojetti, 94, 00137 Rome, Italy', NULL, '41.944032,12.550766', NULL, 'Rome'),
(855, 0, '', NULL, '', '', '', '', '', NULL, NULL, 0, 0, 0, NULL, NULL, '', 0, 0, NULL, NULL, NULL, NULL, '2014-12-07 09:10:08', NULL),
(856, 0, '', NULL, '', '', '', '', '', NULL, NULL, 0, 0, 0, NULL, NULL, '', 0, 0, NULL, NULL, NULL, NULL, '2014-12-07 09:10:08', NULL),
(857, 0, '', NULL, '', '', '', '', '', NULL, NULL, 0, 0, 0, NULL, NULL, '', 0, 0, NULL, NULL, NULL, NULL, '2014-12-07 09:10:08', NULL),
(858, 0, '', NULL, '', '', '', '', '', NULL, NULL, 0, 0, 0, NULL, NULL, '', 0, 0, NULL, NULL, NULL, NULL, '2014-12-07 09:10:08', NULL),
(859, 0, '', NULL, '', '', '', '', '', NULL, NULL, 0, 0, 0, NULL, NULL, '', 0, 0, NULL, NULL, NULL, NULL, '2014-12-07 09:10:08', NULL),
(860, 0, '', NULL, '', '', '', '', '', NULL, NULL, 0, 0, 0, NULL, NULL, '', 0, 0, NULL, NULL, NULL, NULL, '2014-12-07 09:10:08', NULL),
(861, 0, '', NULL, '', '', '', '', '', NULL, NULL, 0, 0, 0, NULL, NULL, '', 0, 0, NULL, NULL, NULL, NULL, '2014-12-07 09:10:08', NULL),
(862, 0, '', NULL, '', '', '', '', '', NULL, NULL, 0, 0, 0, NULL, NULL, '', 0, 0, NULL, NULL, NULL, NULL, '2014-12-07 09:10:08', NULL),
(863, 0, '', NULL, '', '', '', '', '', NULL, NULL, 0, 0, 0, NULL, NULL, '', 0, 0, NULL, NULL, NULL, NULL, '2014-12-07 09:10:08', NULL),
(864, 0, '', NULL, '', '', '', '', '', NULL, NULL, 0, 0, 0, NULL, NULL, '', 0, 0, NULL, NULL, NULL, NULL, '2014-12-07 09:10:08', NULL),
(865, 0, '', NULL, '', '', '', '', '', NULL, NULL, 0, 0, 0, NULL, NULL, '', 0, 0, NULL, NULL, NULL, NULL, '2014-12-07 09:10:09', NULL),
(866, 0, '', NULL, '', '', '', '', '', NULL, NULL, 0, 0, 0, NULL, NULL, '', 0, 0, NULL, NULL, NULL, NULL, '2014-12-07 09:10:09', NULL),
(867, 0, '', NULL, '', '', '', '', '', NULL, NULL, 0, 0, 0, NULL, NULL, '', 0, 0, NULL, NULL, NULL, NULL, '2014-12-07 09:10:09', NULL),
(868, 0, '', NULL, '', '', '', '', '', NULL, NULL, 0, 0, 0, NULL, NULL, '', 0, 0, NULL, NULL, NULL, NULL, '2014-12-07 09:10:09', NULL),
(869, 0, '', NULL, '', '', '', '', '', NULL, NULL, 0, 0, 0, NULL, NULL, '', 0, 0, NULL, NULL, NULL, NULL, '2014-12-07 09:10:09', NULL),
(870, 0, '', NULL, '', '', '', '', '', NULL, NULL, 0, 0, 0, NULL, NULL, '', 0, 0, NULL, NULL, NULL, NULL, '2014-12-07 09:10:09', NULL),
(871, 0, '', NULL, '', '', '', '', '', NULL, NULL, 0, 0, 0, NULL, NULL, '', 0, 0, NULL, NULL, NULL, NULL, '2014-12-07 09:10:09', NULL),
(872, 0, '', NULL, '', '', '', '', '', NULL, NULL, 0, 0, 0, NULL, NULL, '', 0, 0, NULL, NULL, NULL, NULL, '2014-12-07 09:10:09', NULL),
(873, 0, '', NULL, '', '', '', '', '', NULL, NULL, 0, 0, 0, NULL, NULL, '', 0, 0, NULL, NULL, NULL, NULL, '2014-12-07 09:10:09', NULL),
(874, 0, '', NULL, '', '', '', '', '', NULL, NULL, 0, 0, 0, NULL, NULL, '', 0, 0, NULL, NULL, NULL, NULL, '2014-12-07 09:10:09', NULL),
(875, 0, '', NULL, '', '', '', '', '', NULL, NULL, 0, 0, 0, NULL, NULL, '', 0, 0, NULL, NULL, NULL, NULL, '2014-12-07 09:10:09', NULL),
(876, 0, '', NULL, '', '', '', '', '', NULL, NULL, 0, 0, 0, NULL, NULL, '', 0, 0, NULL, NULL, NULL, NULL, '2014-12-07 09:10:09', NULL),
(877, 0, '', NULL, '', '', '', '', '', NULL, NULL, 0, 0, 0, NULL, NULL, '', 0, 0, NULL, NULL, NULL, NULL, '2014-12-07 09:10:09', NULL),
(878, 0, '', NULL, '', '', '', '', '', NULL, NULL, 0, 0, 0, NULL, NULL, '', 0, 0, NULL, NULL, NULL, NULL, '2014-12-07 09:10:09', NULL),
(879, 0, '', NULL, '', '', '', '', '', NULL, NULL, 0, 0, 0, NULL, NULL, '', 0, 0, NULL, NULL, NULL, NULL, '2014-12-07 09:10:09', NULL),
(880, 0, '', NULL, '', '', '', '', '', NULL, NULL, 0, 0, 0, NULL, NULL, '', 0, 0, NULL, NULL, NULL, NULL, '2014-12-07 09:10:09', NULL),
(881, 0, '', NULL, '', '', '', '', '', NULL, NULL, 0, 0, 0, NULL, NULL, '', 0, 0, NULL, NULL, NULL, NULL, '2014-12-07 09:10:09', NULL),
(882, 0, '', NULL, '', '', '', '', '', NULL, NULL, 0, 0, 0, NULL, NULL, '', 0, 0, NULL, NULL, NULL, NULL, '2014-12-07 09:10:09', NULL),
(883, 0, '', NULL, '', '', '', '', '', NULL, NULL, 0, 0, 0, NULL, NULL, '', 0, 0, NULL, NULL, NULL, NULL, '2014-12-07 09:10:09', NULL),
(884, 0, '', NULL, '', '', '', '', '', NULL, NULL, 0, 0, 0, NULL, NULL, '', 0, 0, NULL, NULL, NULL, NULL, '2014-12-07 09:10:09', NULL),
(885, 0, '', NULL, '', '', '', '', '', NULL, NULL, 0, 0, 0, NULL, NULL, '', 0, 0, NULL, NULL, NULL, NULL, '2014-12-07 09:10:10', NULL),
(886, 0, '', NULL, '', '', '', '', '', NULL, NULL, 0, 0, 0, NULL, NULL, '', 0, 0, NULL, NULL, NULL, NULL, '2014-12-07 09:10:10', NULL),
(887, 0, '', NULL, '', '', '', '', '', NULL, NULL, 0, 0, 0, NULL, NULL, '', 0, 0, NULL, NULL, NULL, NULL, '2014-12-07 09:10:10', NULL),
(888, 0, '', NULL, '', '', '', '', '', NULL, NULL, 0, 0, 0, NULL, NULL, '', 0, 0, NULL, NULL, NULL, NULL, '2014-12-07 09:10:10', NULL),
(889, 0, '', NULL, '', '', '', '', '', NULL, NULL, 0, 0, 0, NULL, NULL, '', 0, 0, NULL, NULL, NULL, NULL, '2014-12-07 09:10:10', NULL),
(890, 0, '', NULL, '', '', '', '', '', NULL, NULL, 0, 0, 0, NULL, NULL, '', 0, 0, NULL, NULL, NULL, NULL, '2014-12-07 09:10:10', NULL),
(891, 0, '', NULL, '', '', '', '', '', NULL, NULL, 0, 0, 0, NULL, NULL, '', 0, 0, NULL, NULL, NULL, NULL, '2014-12-07 09:10:10', NULL),
(892, 0, '', NULL, '', '', '', '', '', NULL, NULL, 0, 0, 0, NULL, NULL, '', 0, 0, NULL, NULL, NULL, NULL, '2014-12-07 09:10:10', NULL),
(893, 0, '', NULL, '', '', '', '', '', NULL, NULL, 0, 0, 0, NULL, NULL, '', 0, 0, NULL, NULL, NULL, NULL, '2014-12-07 09:10:10', NULL),
(894, 0, '', NULL, '', '', '', '', '', NULL, NULL, 0, 0, 0, NULL, NULL, '', 0, 0, NULL, NULL, NULL, NULL, '2014-12-07 09:10:10', NULL),
(895, 0, '', NULL, '', '', '', '', '', NULL, NULL, 0, 0, 0, NULL, NULL, '', 0, 0, NULL, NULL, NULL, NULL, '2014-12-07 09:10:10', NULL),
(896, 0, '', NULL, '', '', '', '', '', NULL, NULL, 0, 0, 0, NULL, NULL, '', 0, 0, NULL, NULL, NULL, NULL, '2014-12-07 09:10:10', NULL),
(897, 0, '', NULL, '', '', '', '', '', NULL, NULL, 0, 0, 0, NULL, NULL, '', 0, 0, NULL, NULL, NULL, NULL, '2014-12-07 09:10:10', NULL),
(898, 0, '', NULL, '', '', '', '', '', NULL, NULL, 0, 0, 0, NULL, NULL, '', 0, 0, NULL, NULL, NULL, NULL, '2014-12-07 09:10:11', NULL),
(899, 0, '', NULL, '', '', '', '', '', NULL, NULL, 0, 0, 0, NULL, NULL, '', 0, 0, NULL, NULL, NULL, NULL, '2014-12-07 09:10:11', NULL),
(900, 0, '', NULL, '', '', '', '', '', NULL, NULL, 0, 0, 0, NULL, NULL, '', 0, 0, NULL, NULL, NULL, NULL, '2014-12-07 09:10:11', NULL),
(901, 0, '', NULL, '', '', '', '', '', NULL, NULL, 0, 0, 0, NULL, NULL, '', 0, 0, NULL, NULL, NULL, NULL, '2014-12-07 09:10:11', NULL),
(902, 0, '', NULL, '', '', '', '', '', NULL, NULL, 0, 0, 0, NULL, NULL, '', 0, 0, NULL, NULL, NULL, NULL, '2014-12-07 09:10:11', NULL),
(903, 0, '', NULL, '', '', '', '', '', NULL, NULL, 0, 0, 0, NULL, NULL, '', 0, 0, NULL, NULL, NULL, NULL, '2014-12-07 09:10:11', NULL),
(904, 0, '', NULL, '', '', '', '', '', NULL, NULL, 0, 0, 0, NULL, NULL, '', 0, 0, NULL, NULL, NULL, NULL, '2014-12-07 09:10:11', NULL),
(905, 0, '', NULL, '', '', '', '', '', NULL, NULL, 0, 0, 0, NULL, NULL, '', 0, 0, NULL, NULL, NULL, NULL, '2014-12-07 09:10:11', NULL),
(906, 0, '', NULL, '', '', '', '', '', NULL, NULL, 0, 0, 0, NULL, NULL, '', 0, 0, NULL, NULL, NULL, NULL, '2014-12-07 09:10:11', NULL),
(907, 0, '', NULL, '', '', '', '', '', NULL, NULL, 0, 0, 0, NULL, NULL, '', 0, 0, NULL, NULL, NULL, NULL, '2014-12-07 09:10:11', NULL),
(908, 0, '', NULL, '', '', '', '', '', NULL, NULL, 0, 0, 0, NULL, NULL, '', 0, 0, NULL, NULL, NULL, NULL, '2014-12-07 09:10:11', NULL),
(909, 0, '', NULL, '', '', '', '', '', NULL, NULL, 0, 0, 0, NULL, NULL, '', 0, 0, NULL, NULL, NULL, NULL, '2014-12-07 09:10:11', NULL),
(910, 0, '', NULL, '', '', '', '', '', NULL, NULL, 0, 0, 0, NULL, NULL, '', 0, 0, NULL, NULL, NULL, NULL, '2014-12-07 09:10:11', NULL),
(911, 0, '', NULL, '', '', '', '', '', NULL, NULL, 0, 0, 0, NULL, NULL, '', 0, 0, NULL, NULL, NULL, NULL, '2014-12-07 09:10:11', NULL),
(912, 0, '', NULL, '', '', '', '', '', NULL, NULL, 0, 0, 0, NULL, NULL, '', 0, 0, NULL, NULL, NULL, NULL, '2014-12-07 09:10:11', NULL),
(913, 0, '', NULL, '', '', '', '', '', NULL, NULL, 0, 0, 0, NULL, NULL, '', 0, 0, NULL, NULL, NULL, NULL, '2014-12-07 09:10:12', NULL),
(914, 0, '', NULL, '', '', '', '', '', NULL, NULL, 0, 0, 0, NULL, NULL, '', 0, 0, NULL, NULL, NULL, NULL, '2014-12-07 09:10:12', NULL),
(915, 0, '', NULL, '', '', '', '', '', NULL, NULL, 0, 0, 0, NULL, NULL, '', 0, 0, NULL, NULL, NULL, NULL, '2014-12-07 09:10:12', NULL),
(916, 0, '', NULL, '', '', '', '', '', NULL, NULL, 0, 0, 0, NULL, NULL, '', 0, 0, NULL, NULL, NULL, NULL, '2014-12-07 09:10:12', NULL),
(917, 0, '', NULL, '', '', '', '', '', NULL, NULL, 0, 0, 0, NULL, NULL, '', 0, 0, NULL, NULL, NULL, NULL, '2014-12-07 09:10:12', NULL),
(918, 0, '', NULL, '', '', '', '', '', NULL, NULL, 0, 0, 0, NULL, NULL, '', 0, 0, NULL, NULL, NULL, NULL, '2014-12-07 09:10:12', NULL),
(919, 0, '', NULL, '', '', '', '', '', NULL, NULL, 0, 0, 0, NULL, NULL, '', 0, 0, NULL, NULL, NULL, NULL, '2014-12-07 09:10:12', NULL),
(920, 0, '', NULL, '', '', '', '', '', NULL, NULL, 0, 0, 0, NULL, NULL, '', 0, 0, NULL, NULL, NULL, NULL, '2014-12-07 09:10:12', NULL),
(921, 0, '', NULL, '', '', '', '', '', NULL, NULL, 0, 0, 0, NULL, NULL, '', 0, 0, NULL, NULL, NULL, NULL, '2014-12-07 09:10:12', NULL),
(922, 0, '', NULL, '', '', '', '', '', NULL, NULL, 0, 0, 0, NULL, NULL, '', 0, 0, NULL, NULL, NULL, NULL, '2014-12-07 09:10:12', NULL),
(923, 0, '', NULL, '', '', '', '', '', NULL, NULL, 0, 0, 0, NULL, NULL, '', 0, 0, NULL, NULL, NULL, NULL, '2014-12-07 09:10:12', NULL),
(924, 0, '', NULL, '', '', '', '', '', NULL, NULL, 0, 0, 0, NULL, NULL, '', 0, 0, NULL, NULL, NULL, NULL, '2014-12-07 09:10:12', NULL),
(925, 0, '', NULL, '', '', '', '', '', NULL, NULL, 0, 0, 0, NULL, NULL, '', 0, 0, NULL, NULL, NULL, NULL, '2014-12-07 09:10:12', NULL),
(926, 0, '', NULL, '', '', '', '', '', NULL, NULL, 0, 0, 0, NULL, NULL, '', 0, 0, NULL, NULL, NULL, NULL, '2014-12-07 09:10:12', NULL),
(927, 0, '', NULL, '', '', '', '', '', NULL, NULL, 0, 0, 0, NULL, NULL, '', 0, 0, NULL, NULL, NULL, NULL, '2014-12-07 09:10:12', NULL),
(928, 0, '', NULL, '', '', '', '', '', NULL, NULL, 0, 0, 0, NULL, NULL, '', 0, 0, NULL, NULL, NULL, NULL, '2014-12-07 09:10:12', NULL),
(929, 0, '', NULL, '', '', '', '', '', NULL, NULL, 0, 0, 0, NULL, NULL, '', 0, 0, NULL, NULL, NULL, NULL, '2014-12-07 09:10:13', NULL),
(930, 0, '', NULL, '', '', '', '', '', NULL, NULL, 0, 0, 0, NULL, NULL, '', 0, 0, NULL, NULL, NULL, NULL, '2014-12-07 09:10:13', NULL),
(931, 0, '', NULL, '', '', '', '', '', NULL, NULL, 0, 0, 0, NULL, NULL, '', 0, 0, NULL, NULL, NULL, NULL, '2014-12-07 09:10:13', NULL),
(932, 0, '', NULL, '', '', '', '', '', NULL, NULL, 0, 0, 0, NULL, NULL, '', 0, 0, NULL, NULL, NULL, NULL, '2014-12-07 09:10:13', NULL),
(933, 0, '', NULL, '', '', '', '', '', NULL, NULL, 0, 0, 0, NULL, NULL, '', 0, 0, NULL, NULL, NULL, NULL, '2014-12-07 09:10:13', NULL),
(934, 0, '', NULL, '', '', '', '', '', NULL, NULL, 0, 0, 0, NULL, NULL, '', 0, 0, NULL, NULL, NULL, NULL, '2014-12-07 09:10:13', NULL),
(935, 0, '', NULL, '', '', '', '', '', NULL, NULL, 0, 0, 0, NULL, NULL, '', 0, 0, NULL, NULL, NULL, NULL, '2014-12-07 09:10:13', NULL),
(936, 0, '', NULL, '', '', '', '', '', NULL, NULL, 0, 0, 0, NULL, NULL, '', 0, 0, NULL, NULL, NULL, NULL, '2014-12-07 09:35:32', NULL),
(937, 0, '', NULL, '', '', '', '', '', NULL, NULL, 0, 0, 0, NULL, NULL, '', 0, 0, NULL, NULL, NULL, NULL, '2014-12-07 09:35:32', NULL),
(938, 0, '', NULL, '', '', '', '', '', NULL, NULL, 0, 0, 0, NULL, NULL, '', 0, 0, NULL, NULL, NULL, NULL, '2014-12-07 09:35:32', NULL),
(939, 0, '', NULL, '', '', '', '', '', NULL, NULL, 0, 0, 0, NULL, NULL, '', 0, 0, NULL, NULL, NULL, NULL, '2014-12-07 09:35:32', NULL),
(940, 0, '', NULL, '', '', '', '', '', NULL, NULL, 0, 0, 0, NULL, NULL, '', 0, 0, NULL, NULL, NULL, NULL, '2014-12-07 09:35:32', NULL),
(941, 0, '', NULL, '', '', '', '', '', NULL, NULL, 0, 0, 0, NULL, NULL, '', 0, 0, NULL, NULL, NULL, NULL, '2014-12-07 09:35:32', NULL),
(942, 0, '', NULL, '', '', '', '', '', NULL, NULL, 0, 0, 0, NULL, NULL, '', 0, 0, NULL, NULL, NULL, NULL, '2014-12-07 09:35:32', NULL),
(943, 0, '', NULL, '', '', '', '', '', NULL, NULL, 0, 0, 0, NULL, NULL, '', 0, 0, NULL, NULL, NULL, NULL, '2014-12-07 09:35:32', NULL),
(944, 0, '', NULL, '', '', '', '', '', NULL, NULL, 0, 0, 0, NULL, NULL, '', 0, 0, NULL, NULL, NULL, NULL, '2014-12-07 09:35:32', NULL),
(945, 0, '', NULL, '', '', '', '', '', NULL, NULL, 0, 0, 0, NULL, NULL, '', 0, 0, NULL, NULL, NULL, NULL, '2014-12-07 09:35:32', NULL),
(946, 0, '', NULL, '', '', '', '', '', NULL, NULL, 0, 0, 0, NULL, NULL, '', 0, 0, NULL, NULL, NULL, NULL, '2014-12-07 09:35:33', NULL),
(947, 0, '', NULL, '', '', '', '', '', NULL, NULL, 0, 0, 0, NULL, NULL, '', 0, 0, NULL, NULL, NULL, NULL, '2014-12-07 09:35:33', NULL),
(948, 0, '', NULL, '', '', '', '', '', NULL, NULL, 0, 0, 0, NULL, NULL, '', 0, 0, NULL, NULL, NULL, NULL, '2014-12-07 09:35:33', NULL),
(949, 0, '', NULL, '', '', '', '', '', NULL, NULL, 0, 0, 0, NULL, NULL, '', 0, 0, NULL, NULL, NULL, NULL, '2014-12-07 09:35:33', NULL),
(950, 0, '', NULL, '', '', '', '', '', NULL, NULL, 0, 0, 0, NULL, NULL, '', 0, 0, NULL, NULL, NULL, NULL, '2014-12-07 09:35:33', NULL),
(951, 0, '', NULL, '', '', '', '', '', NULL, NULL, 0, 0, 0, NULL, NULL, '', 0, 0, NULL, NULL, NULL, NULL, '2014-12-07 09:35:33', NULL),
(952, 0, '', NULL, '', '', '', '', '', NULL, NULL, 0, 0, 0, NULL, NULL, '', 0, 0, NULL, NULL, NULL, NULL, '2014-12-07 09:35:33', NULL),
(953, 0, '', NULL, '', '', '', '', '', NULL, NULL, 0, 0, 0, NULL, NULL, '', 0, 0, NULL, NULL, NULL, NULL, '2014-12-07 09:35:33', NULL),
(954, 0, '', NULL, '', '', '', '', '', NULL, NULL, 0, 0, 0, NULL, NULL, '', 0, 0, NULL, NULL, NULL, NULL, '2014-12-07 09:35:33', NULL),
(955, 0, '', NULL, '', '', '', '', '', NULL, NULL, 0, 0, 0, NULL, NULL, '', 0, 0, NULL, NULL, NULL, NULL, '2014-12-07 09:35:33', NULL),
(956, 0, '', NULL, '', '', '', '', '', NULL, NULL, 0, 0, 0, NULL, NULL, '', 0, 0, NULL, NULL, NULL, NULL, '2014-12-07 09:35:33', NULL),
(957, 0, '', NULL, '', '', '', '', '', NULL, NULL, 0, 0, 0, NULL, NULL, '', 0, 0, NULL, NULL, NULL, NULL, '2014-12-07 09:35:33', NULL),
(958, 0, '', NULL, '', '', '', '', '', NULL, NULL, 0, 0, 0, NULL, NULL, '', 0, 0, NULL, NULL, NULL, NULL, '2014-12-07 09:35:33', NULL),
(959, 0, '', NULL, '', '', '', '', '', NULL, NULL, 0, 0, 0, NULL, NULL, '', 0, 0, NULL, NULL, NULL, NULL, '2014-12-07 09:35:33', NULL),
(960, 0, '', NULL, '', '', '', '', '', NULL, NULL, 0, 0, 0, NULL, NULL, '', 0, 0, NULL, NULL, NULL, NULL, '2014-12-07 09:35:33', NULL),
(961, 0, '', NULL, '', '', '', '', '', NULL, NULL, 0, 0, 0, NULL, NULL, '', 0, 0, NULL, NULL, NULL, NULL, '2014-12-07 09:35:34', NULL),
(766, 0, '', NULL, '', '', '', '', '', NULL, NULL, 0, 0, 0, NULL, NULL, '', 0, 0, NULL, NULL, NULL, NULL, '2014-12-07 09:05:24', NULL),
(962, 0, '', NULL, '', '', '', '', '', NULL, NULL, 0, 0, 0, NULL, NULL, '', 0, 0, NULL, NULL, NULL, NULL, '2014-12-07 09:35:34', NULL),
(963, 0, '', NULL, '', '', '', '', '', NULL, NULL, 0, 0, 0, NULL, NULL, '', 0, 0, NULL, NULL, NULL, NULL, '2014-12-07 09:35:34', NULL),
(765, 0, '', NULL, '', '', '', '', '', NULL, NULL, 0, 0, 0, NULL, NULL, '', 0, 0, NULL, NULL, NULL, NULL, '2014-12-07 09:05:23', NULL),
(764, 0, '', NULL, '', '', '', '', '', NULL, NULL, 0, 0, 0, NULL, NULL, '', 0, 0, NULL, NULL, NULL, NULL, '2014-12-07 09:05:23', NULL),
(763, 0, '', NULL, '', '', '', '', '', NULL, NULL, 0, 0, 0, NULL, NULL, '', 0, 0, NULL, NULL, NULL, NULL, '2014-12-07 09:05:23', NULL),
(762, 0, '', NULL, '', '', '', '', '', NULL, NULL, 0, 0, 0, NULL, NULL, '', 0, 0, NULL, NULL, NULL, NULL, '2014-12-07 09:05:23', NULL),
(761, 0, '', NULL, '', '', '', '', '', NULL, NULL, 0, 0, 0, NULL, NULL, '', 0, 0, NULL, NULL, NULL, NULL, '2014-12-07 09:05:23', NULL),
(760, 0, '', NULL, '', '', '', '', '', NULL, NULL, 0, 0, 0, NULL, NULL, '', 0, 0, NULL, NULL, NULL, NULL, '2014-12-07 09:05:23', NULL),
(758, 0, '', NULL, '', '', '', '', '', NULL, NULL, 0, 0, 0, NULL, NULL, '', 0, 0, NULL, NULL, NULL, NULL, '2014-12-07 09:05:23', NULL),
(759, 0, '', NULL, '', '', '', '', '', NULL, NULL, 0, 0, 0, NULL, NULL, '', 0, 0, NULL, NULL, NULL, NULL, '2014-12-07 09:05:23', NULL),
(964, 0, '', NULL, '', '', '', '', '', NULL, NULL, 0, 0, 0, NULL, NULL, '', 0, 0, NULL, NULL, NULL, NULL, '2014-12-07 09:35:34', NULL),
(965, 0, '', NULL, '', '', '', '', '', NULL, NULL, 0, 0, 0, NULL, NULL, '', 0, 0, NULL, NULL, NULL, NULL, '2014-12-07 09:35:34', NULL),
(966, 0, '', NULL, '', '', '', '', '', NULL, NULL, 0, 0, 0, NULL, NULL, '', 0, 0, NULL, NULL, NULL, NULL, '2014-12-07 09:35:34', NULL),
(967, 0, '', NULL, '', '', '', '', '', NULL, NULL, 0, 0, 0, NULL, NULL, '', 0, 0, NULL, NULL, NULL, NULL, '2014-12-07 09:35:35', NULL),
(968, 0, '', NULL, '', '', '', '', '', NULL, NULL, 0, 0, 0, NULL, NULL, '', 0, 0, NULL, NULL, NULL, NULL, '2014-12-07 09:35:35', NULL),
(969, 0, '', NULL, '', '', '', '', '', NULL, NULL, 0, 0, 0, NULL, NULL, '', 0, 0, NULL, NULL, NULL, NULL, '2014-12-07 09:35:35', NULL),
(970, 0, '', NULL, '', '', '', '', '', NULL, NULL, 0, 0, 0, NULL, NULL, '', 0, 0, NULL, NULL, NULL, NULL, '2014-12-07 09:35:35', NULL),
(971, 0, '', NULL, '', '', '', '', '', NULL, NULL, 0, 0, 0, NULL, NULL, '', 0, 0, NULL, NULL, NULL, NULL, '2014-12-07 09:35:35', NULL),
(972, 0, '', NULL, '', '', '', '', '', NULL, NULL, 0, 0, 0, NULL, NULL, '', 0, 0, NULL, NULL, NULL, NULL, '2014-12-07 09:35:35', NULL),
(973, 0, '', NULL, '', '', '', '', '', NULL, NULL, 0, 0, 0, NULL, NULL, '', 0, 0, NULL, NULL, NULL, NULL, '2014-12-07 09:35:35', NULL),
(974, 0, '', NULL, '', '', '', '', '', NULL, NULL, 0, 0, 0, NULL, NULL, '', 0, 0, NULL, NULL, NULL, NULL, '2014-12-07 09:35:35', NULL),
(975, 0, '', NULL, '', '', '', '', '', NULL, NULL, 0, 0, 0, NULL, NULL, '', 0, 0, NULL, NULL, NULL, NULL, '2014-12-07 09:35:35', NULL),
(976, 0, '', NULL, '', '', '', '', '', NULL, NULL, 0, 0, 0, NULL, NULL, '', 0, 0, NULL, NULL, NULL, NULL, '2014-12-07 09:35:35', NULL),
(977, 0, '', NULL, '', '', '', '', '', NULL, NULL, 0, 0, 0, NULL, NULL, '', 0, 0, NULL, NULL, NULL, NULL, '2014-12-07 09:35:35', NULL),
(978, 0, '', NULL, '', '', '', '', '', NULL, NULL, 0, 0, 0, NULL, NULL, '', 0, 0, NULL, NULL, NULL, NULL, '2014-12-07 09:35:35', NULL),
(979, 0, '', NULL, '', '', '', '', '', NULL, NULL, 0, 0, 0, NULL, NULL, '', 0, 0, NULL, NULL, NULL, NULL, '2014-12-07 09:35:35', NULL),
(980, 0, '', NULL, '', '', '', '', '', NULL, NULL, 0, 0, 0, NULL, NULL, '', 0, 0, NULL, NULL, NULL, NULL, '2014-12-07 09:35:35', NULL),
(981, 0, '', NULL, '', '', '', '', '', NULL, NULL, 0, 0, 0, NULL, NULL, '', 0, 0, NULL, NULL, NULL, NULL, '2014-12-07 09:35:35', NULL),
(982, 0, '', NULL, '', '', '', '', '', NULL, NULL, 0, 0, 0, NULL, NULL, '', 0, 0, NULL, NULL, NULL, NULL, '2014-12-07 09:35:35', NULL),
(983, 0, '', NULL, '', '', '', '', '', NULL, NULL, 0, 0, 0, NULL, NULL, '', 0, 0, NULL, NULL, NULL, NULL, '2014-12-07 09:35:36', NULL),
(984, 0, '', NULL, '', '', '', '', '', NULL, NULL, 0, 0, 0, NULL, NULL, '', 0, 0, NULL, NULL, NULL, NULL, '2014-12-07 09:35:36', NULL),
(985, 0, '', NULL, '', '', '', '', '', NULL, NULL, 0, 0, 0, NULL, NULL, '', 0, 0, NULL, NULL, NULL, NULL, '2014-12-07 09:35:36', NULL),
(986, 0, '', NULL, '', '', '', '', '', NULL, NULL, 0, 0, 0, NULL, NULL, '', 0, 0, NULL, NULL, NULL, NULL, '2014-12-07 09:35:36', NULL),
(987, 0, '', NULL, '', '', '', '', '', NULL, NULL, 0, 0, 0, NULL, NULL, '', 0, 0, NULL, NULL, NULL, NULL, '2014-12-07 09:35:36', NULL),
(988, 0, '', NULL, '', '', '', '', '', NULL, NULL, 0, 0, 0, NULL, NULL, '', 0, 0, NULL, NULL, NULL, NULL, '2014-12-07 09:35:36', NULL),
(989, 0, '', NULL, '', '', '', '', '', NULL, NULL, 0, 0, 0, NULL, NULL, '', 0, 0, NULL, NULL, NULL, NULL, '2014-12-07 09:35:36', NULL),
(990, 0, '', NULL, '', '', '', '', '', NULL, NULL, 0, 0, 0, NULL, NULL, '', 0, 0, NULL, NULL, NULL, NULL, '2014-12-07 09:35:36', NULL),
(991, 0, '', NULL, '', '', '', '', '', NULL, NULL, 0, 0, 0, NULL, NULL, '', 0, 0, NULL, NULL, NULL, NULL, '2014-12-07 09:35:36', NULL),
(992, 0, '', NULL, '', '', '', '', '', NULL, NULL, 0, 0, 0, NULL, NULL, '', 0, 0, NULL, NULL, NULL, NULL, '2014-12-07 09:35:36', NULL),
(993, 0, '', NULL, '', '', '', '', '', NULL, NULL, 0, 0, 0, NULL, NULL, '', 0, 0, NULL, NULL, NULL, NULL, '2014-12-07 09:35:37', NULL),
(994, 0, '', NULL, '', '', '', '', '', NULL, NULL, 0, 0, 0, NULL, NULL, '', 0, 0, NULL, NULL, NULL, NULL, '2014-12-07 09:35:37', NULL),
(995, 0, '', NULL, '', '', '', '', '', NULL, NULL, 0, 0, 0, NULL, NULL, '', 0, 0, NULL, NULL, NULL, NULL, '2014-12-07 09:35:37', NULL),
(996, 0, '', NULL, '', '', '', '', '', NULL, NULL, 0, 0, 0, NULL, NULL, '', 0, 0, NULL, NULL, NULL, NULL, '2014-12-07 09:35:37', NULL),
(997, 0, '', NULL, '', '', '', '', '', NULL, NULL, 0, 0, 0, NULL, NULL, '', 0, 0, NULL, NULL, NULL, NULL, '2014-12-07 09:35:37', NULL),
(998, 0, '', NULL, '', '', '', '', '', NULL, NULL, 0, 0, 0, NULL, NULL, '', 0, 0, NULL, NULL, NULL, NULL, '2014-12-07 09:35:37', NULL),
(999, 0, '', NULL, '', '', '', '', '', NULL, NULL, 0, 0, 0, NULL, NULL, '', 0, 0, NULL, NULL, NULL, NULL, '2014-12-07 09:35:37', NULL),
(1000, 0, '', NULL, '', '', '', '', '', NULL, NULL, 0, 0, 0, NULL, NULL, '', 0, 0, NULL, NULL, NULL, NULL, '2014-12-07 09:35:37', NULL),
(1001, 0, '', NULL, '', '', '', '', '', NULL, NULL, 0, 0, 0, NULL, NULL, '', 0, 0, NULL, NULL, NULL, NULL, '2014-12-07 09:35:37', NULL),
(1002, 0, '', NULL, '', '', '', '', '', NULL, NULL, 0, 0, 0, NULL, NULL, '', 0, 0, NULL, NULL, NULL, NULL, '2014-12-07 09:35:37', NULL),
(1003, 0, '', NULL, '', '', '', '', '', NULL, NULL, 0, 0, 0, NULL, NULL, '', 0, 0, NULL, NULL, NULL, NULL, '2014-12-07 09:35:37', NULL),
(1004, 0, '', NULL, '', '', '', '', '', NULL, NULL, 0, 0, 0, NULL, NULL, '', 0, 0, NULL, NULL, NULL, NULL, '2014-12-07 09:35:37', NULL),
(1005, 0, '', NULL, '', '', '', '', '', NULL, NULL, 0, 0, 0, NULL, NULL, '', 0, 0, NULL, NULL, NULL, NULL, '2014-12-07 09:35:37', NULL),
(1006, 0, '', NULL, '', '', '', '', '', NULL, NULL, 0, 0, 0, NULL, NULL, '', 0, 0, NULL, NULL, NULL, NULL, '2014-12-07 09:35:37', NULL),
(1007, 0, '', NULL, '', '', '', '', '', NULL, NULL, 0, 0, 0, NULL, NULL, '', 0, 0, NULL, NULL, NULL, NULL, '2014-12-07 09:35:37', NULL),
(1008, 0, '', NULL, '', '', '', '', '', NULL, NULL, 0, 0, 0, NULL, NULL, '', 0, 0, NULL, NULL, NULL, NULL, '2014-12-07 09:35:38', NULL),
(1009, 0, '', NULL, '', '', '', '', '', NULL, NULL, 0, 0, 0, NULL, NULL, '', 0, 0, NULL, NULL, NULL, NULL, '2014-12-07 09:35:38', NULL),
(1010, 0, '', NULL, '', '', '', '', '', NULL, NULL, 0, 0, 0, NULL, NULL, '', 0, 0, NULL, NULL, NULL, NULL, '2014-12-07 09:35:38', NULL),
(1011, 0, '', NULL, '', '', '', '', '', NULL, NULL, 0, 0, 0, NULL, NULL, '', 0, 0, NULL, NULL, NULL, NULL, '2014-12-07 09:35:38', NULL),
(1012, 0, '', NULL, '', '', '', '', '', NULL, NULL, 0, 0, 0, NULL, NULL, '', 0, 0, NULL, NULL, NULL, NULL, '2014-12-07 09:35:38', NULL),
(1013, 0, '', NULL, '', '', '', '', '', NULL, NULL, 0, 0, 0, NULL, NULL, '', 0, 0, NULL, NULL, NULL, NULL, '2014-12-07 09:35:38', NULL),
(1014, 0, '', NULL, '', '', '', '', '', NULL, NULL, 0, 0, 0, NULL, NULL, '', 0, 0, NULL, NULL, NULL, NULL, '2014-12-07 09:35:38', NULL),
(1016, 0, 'THE SHIT SHOP', 10, 'Rckerstrae', '', 'Mitte', 'Germany', '+49 30 98364429', NULL, 'http://www.theshitonline.com/', 0, 0, 0, NULL, NULL, '', 0, 0, NULL, 'Rckerstrae 10, 10119 Berlin, Germany', NULL, '52.527478,13.406595', NULL, 'Berlin'),
(1017, 0, 'Holy. Shit. Shopping', 28, 'Banksstrae', '', 'Hamburg', '20097', '', NULL, 'http://www.holyshitshopping.de/', 0, 0, 0, NULL, NULL, '', 0, 0, NULL, 'Banksstrae 28, 20097 Hamburg, Germany', NULL, '53.544216,10.013993', NULL, 'Germany'),
(1018, 0, ' Bull Shit! ', 7, '12', '', '4 Chome', 'Setagaya', '+81 3-3708-8708', NULL, NULL, 0, 0, 0, NULL, NULL, '', 0, 0, NULL, '4 Chome-12-7 Yoga, Setagaya, Tokyo 158-0097, ', NULL, '35.627816,139.633919', NULL, 'Yoga'),
(1019, 0, 'No Shit Productions', 125, 'Burgemeester de Vlugtlaan', '', 'Amsterdam', 'Noord-Holl', '+31 6 51720941', NULL, 'http://www.noshitproductions.nl/', 0, 0, 0, NULL, NULL, '', 0, 0, NULL, 'Burgemeester de Vlugtlaan 125, 1063 BJ Amster', NULL, '52.380351,4.827317', NULL, 'Amsterdam'),
(1020, 0, 'SHIT Distribution', 26, 'Riedingerstrae', '', 'Augsburg', 'Schwaben', '', NULL, NULL, 0, 0, 0, NULL, NULL, '', 0, 0, NULL, 'Riedingerstrae 26E, 86153 Augsburg, Germany', NULL, '48.386452,10.889171', NULL, 'Augsburg'),
(1021, 0, 'Tactical Shit', 200, '343', '', 'N Main St', 'Missouri', '+1 636-946-9800', NULL, 'http://tacticalshit.com/', 0, 0, 0, NULL, NULL, '', 0, 0, NULL, '343 N Main St #200, St Charles, MO 63301, Uni', NULL, '38.783771,-90.480165', NULL, 'St Charles'),
(1022, 0, 'Sheep Shit Festival', NULL, '', '', '', '', '+49 33843 92132', NULL, 'http://www.sheepshit.de/', 0, 0, 0, NULL, NULL, '', 0, 0, NULL, 'Sheep Shit Arena, 14806 Dahnsdorf, Germany', NULL, '52.100666,12.672262', NULL, NULL),
(1023, 0, 'Shit Residency', 0, 'Jalna', '', 'Maharashtra', '', '', NULL, NULL, 0, 0, 0, NULL, NULL, '', 0, 0, NULL, 'Gyatri Nagar, Jalna, Maharashtra, India', NULL, '19.855689,75.897548', NULL, 'India'),
(1024, 0, 'Moda and shit', 79, 'Av Jose Ma. Morelos', '', 'El Rosario', 'Ciudad de ', '+52 55 6279 564', NULL, NULL, 0, 0, 0, NULL, NULL, '', 0, 0, NULL, 'Av Jose Ma. Morelos 79, El Rosario, 16070 Ciu', NULL, '19.260464,-99.105028', NULL, 'Xochimilco'),
(1025, 0, 'Shit Apartment', 0, 'Jalna', '', 'Maharashtra', '', '', NULL, NULL, 0, 0, 0, NULL, NULL, '', 0, 0, NULL, 'Shakuntala Nagar, Jalna, Maharashtra, India', NULL, '19.847188,75.923516', NULL, 'India'),
(1026, 0, '"LYuBIM ShIT''", dizayn studiya', 14, 'prospekt Nepokoryonnykh', '', 'St Petersburg', 'St Petersb', '+7 812 534-33-5', NULL, NULL, 0, 0, 0, NULL, NULL, '', 0, 0, NULL, 'prospekt Nepokoryonnykh, 14/2, St Petersburg,', NULL, '59.996904,30.378098', NULL, 'gorod Sankt-Peterburg'),
(1027, 0, 'Peace Love & Shit Wrapped In Bacon', 104, 'Bellevue Dr', '', 'Coventry', 'United Sta', '+1 888-429-3323', NULL, NULL, 0, 0, 0, NULL, NULL, '', 0, 0, NULL, '104 Bellevue Dr, Coventry, CT 06238, United S', NULL, '41.775959,-72.33597', NULL, 'Connecticut'),
(1028, 0, 'Designerds | We''re here to make money & shit!', 9, 'Heringsbrunnengasse', '', 'Mainz', 'Rheinland-', '+49 6131 693475', NULL, 'http://www.designerds.de/', 0, 0, 0, NULL, NULL, '', 0, 0, NULL, 'Heringsbrunnengasse 9, 55116 Mainz, Germany', NULL, '49.996383,8.27264', NULL, 'Mainz'),
(1029, 0, 'Shit Again', 167, 'R. Maria Staiger Vilar', '', 'Cornlio Procpio', 'Brazil', '+55 43 9656-457', NULL, NULL, 0, 0, 0, NULL, NULL, '', 0, 0, NULL, 'R. Maria Staiger Vilar, 167, Cornlio Procpi', NULL, '-23.18339,-50.650248', NULL, 'Paran'),
(1030, 0, 'Ta Yah Shit Taung Pagoda', NULL, '', '', '', '', '', NULL, NULL, 0, 0, 0, NULL, NULL, '', 0, 0, NULL, 'Thaketa, Myanmar (Burma)', NULL, '16.805064,96.219438', NULL, NULL),
(1031, 0, 'Oo Shit Kone Baptist Church', NULL, '', '', '', '', '', NULL, NULL, 0, 0, 0, NULL, NULL, '', 0, 0, NULL, 'Oo Shit Kone Village, Thandaung Township, Kar', NULL, '18.99576,96.616716', NULL, NULL),
(1032, 0, 'Dlja Shit''Ja I Rukodelija Magazin Chup Sinar Treid', 0, 'Kastrychnitski Rayon', '', 'Minsk', 'Minsk Regi', '+375 17 220-26-', NULL, NULL, 0, 0, 0, NULL, NULL, '', 0, 0, NULL, 'Vulitsa Svyardlova, Minsk, Belarus', NULL, '53.891784,27.557732', NULL, 'Minsk Region'),
(1033, 0, 'Vsyo Dlja Shit''Ja Magazin Tovarov Dlja Rukodelija Chtup Rimiko', NULL, '', '', '', '', '+375 29 682-62-', NULL, NULL, 0, 0, 0, NULL, NULL, '', 0, 0, NULL, '  1 ( ), , 220094', NULL, '53.8641,27.604432', NULL, NULL),
(1034, 0, ' ,  ', 29, 'Lenina Ave', '', 'Kharkiv', 'Kharkiv Ob', '+380 57 340 302', NULL, NULL, 0, 0, 0, NULL, NULL, '', 0, 0, NULL, 'Lenina Ave, 29, Kharkiv, Kharkiv Oblast, Ukra', NULL, '50.028446,36.221916', NULL, 'Kharkivs''ka city council'),
(1035, 0, 'Sri Thangam Shit Fund', 0, 'Tamil Nadu', '', 'India', '', '+91 94420 20236', NULL, NULL, 0, 0, 0, NULL, NULL, '', 0, 0, NULL, '416, Avinashi Road, Avinashi Road, Near Sri R', NULL, '11.07586,77.02093', NULL, '641062'),
(1036, 0, '', NULL, '', '', '', '', '', NULL, NULL, 0, 0, 0, NULL, NULL, '', 0, 0, NULL, NULL, NULL, NULL, '2014-12-09 13:02:24', NULL),
(1037, 0, '', NULL, '', '', '', '', '', NULL, NULL, 0, 0, 0, NULL, NULL, '', 0, 0, NULL, NULL, NULL, NULL, '2014-12-09 13:02:24', NULL),
(1038, 0, '', NULL, '', '', '', '', '', NULL, NULL, 0, 0, 0, NULL, NULL, '', 0, 0, NULL, NULL, NULL, NULL, '2014-12-09 13:02:24', NULL),
(1039, 0, '', NULL, '', '', '', '', '', NULL, NULL, 0, 0, 0, NULL, NULL, '', 0, 0, NULL, NULL, NULL, NULL, '2014-12-09 13:02:25', NULL),
(1040, 0, '', NULL, '', '', '', '', '', NULL, NULL, 0, 0, 0, NULL, NULL, '', 0, 0, NULL, NULL, NULL, NULL, '2014-12-09 13:02:25', NULL),
(1041, 0, '', NULL, '', '', '', '', '', NULL, NULL, 0, 0, 0, NULL, NULL, '', 0, 0, NULL, NULL, NULL, NULL, '2014-12-09 13:02:26', NULL),
(1042, 0, '', NULL, '', '', '', '', '', NULL, NULL, 0, 0, 0, NULL, NULL, '', 0, 0, NULL, NULL, NULL, NULL, '2014-12-09 13:02:26', NULL),
(1043, 0, '', NULL, '', '', '', '', '', NULL, NULL, 0, 0, 0, NULL, NULL, '', 0, 0, NULL, NULL, NULL, NULL, '2014-12-09 13:02:26', NULL),
(1044, 0, '', NULL, '', '', '', '', '', NULL, NULL, 0, 0, 0, NULL, NULL, '', 0, 0, NULL, NULL, NULL, NULL, '2014-12-09 13:02:27', NULL),
(1045, 0, '', NULL, '', '', '', '', '', NULL, NULL, 0, 0, 0, NULL, NULL, '', 0, 0, NULL, NULL, NULL, NULL, '2014-12-09 13:02:27', NULL),
(1046, 0, '', NULL, '', '', '', '', '', NULL, NULL, 0, 0, 0, NULL, NULL, '', 0, 0, NULL, NULL, NULL, NULL, '2014-12-09 13:02:27', NULL),
(1047, 0, '', NULL, '', '', '', '', '', NULL, NULL, 0, 0, 0, NULL, NULL, '', 0, 0, NULL, NULL, NULL, NULL, '2014-12-09 13:02:29', NULL),
(1048, 0, '', NULL, '', '', '', '', '', NULL, NULL, 0, 0, 0, NULL, NULL, '', 0, 0, NULL, NULL, NULL, NULL, '2014-12-09 13:02:29', NULL);

-- --------------------------------------------------------

--
-- Table structure for table `restaurant_category_links`
--

CREATE TABLE IF NOT EXISTS `restaurant_category_links` (
  `restaurant_id` int(11) NOT NULL,
  `category_abbrev` varchar(5) NOT NULL,
  KEY `restaurant_id` (`restaurant_id`),
  KEY `category_abbrev` (`category_abbrev`)
) ENGINE=MyISAM DEFAULT CHARSET=utf8;

--
-- Dumping data for table `restaurant_category_links`
--

INSERT INTO `restaurant_category_links` (`restaurant_id`, `category_abbrev`) VALUES
(308, 'cf'),
(308, 'ff'),

-- --------------------------------------------------------

--
-- Table structure for table `restaurant_country_links`
--

CREATE TABLE IF NOT EXISTS `restaurant_country_links` (
  `restaurant_id` int(11) NOT NULL,
  `country_abbrev` varchar(3) NOT NULL,
  KEY `restaurant_id` (`restaurant_id`),
  KEY `country_abbrev` (`country_abbrev`)
) ENGINE=MyISAM DEFAULT CHARSET=utf8;

--
-- Dumping data for table `restaurant_country_links`
--

INSERT INTO `restaurant_country_links` (`restaurant_id`, `country_abbrev`) VALUES
(308, 'en'),
-- --------------------------------------------------------

--
-- Table structure for table `restaurant_language_links`
--

CREATE TABLE IF NOT EXISTS `restaurant_language_links` (
  `restaurant_id` int(11) NOT NULL,
  `language_abbrev` varchar(3) NOT NULL,
  KEY `restaurant_id` (`restaurant_id`),
  KEY `language_abbrev` (`language_abbrev`)
) ENGINE=MyISAM DEFAULT CHARSET=utf8;

--
-- Dumping data for table `restaurant_language_links`
--

INSERT INTO `restaurant_language_links` (`restaurant_id`, `language_abbrev`) VALUES
(308, 'de'),
(308, 'en'),
-- --------------------------------------------------------

--
-- Table structure for table `restaurant_owners`
--

CREATE TABLE IF NOT EXISTS `restaurant_owners` (
  `id` int(11) NOT NULL AUTO_INCREMENT,
  `user_id` int(11) NOT NULL,
  `address` text NOT NULL,
  `phone_number` varchar(15) NOT NULL,
  PRIMARY KEY (`id`),
  KEY `user_id` (`user_id`)
) ENGINE=MyISAM DEFAULT CHARSET=utf8 AUTO_INCREMENT=1 ;

-- --------------------------------------------------------

--
-- Table structure for table `reviews`
--

CREATE TABLE IF NOT EXISTS `reviews` (
  `id` int(11) NOT NULL AUTO_INCREMENT,
  `user_id` int(11) DEFAULT NULL,
  `restaurant_id` int(11) NOT NULL,
  `title` varchar(255) NOT NULL,
  `content` text NOT NULL,
  `album_id` int(11) NOT NULL,
  `rating` int(1) NOT NULL COMMENT 'value range 1-5',
  `publish_time` datetime NOT NULL,
  PRIMARY KEY (`id`),
  KEY `user_id` (`user_id`,`restaurant_id`),
  KEY `restaurant_id` (`restaurant_id`),
  KEY `user_id_2` (`user_id`)
) ENGINE=MyISAM  DEFAULT CHARSET=utf8 AUTO_INCREMENT=959 ;

--
-- Dumping data for table `reviews`
--

INSERT INTO `reviews` (`id`, `user_id`, `restaurant_id`, `title`, `content`, `album_id`, `rating`, `publish_time`) VALUES
(863, 12, 755, 'sdf', 'sdfdfdsf', 0, 3, '2014-12-07 20:32:39'),
(864, 10, 755, 'sdf', 'sdfdsf', 0, 4, '2014-12-07 20:34:02'),
(865, 12, 755, 'sdfdsf', 'sfdsf', 0, 3, '2014-12-07 20:34:59'),
(866, 12, 755, 'sdfdsf', 'sdfdf', 0, 2, '2014-12-07 21:11:40'),
(867, 12, 755, 'sdfdsf', 'sdfdf', 0, 2, '2014-12-07 21:11:53'),
(868, 10, 755, 'sdf', 'sdfsdf', 0, 3, '2014-12-07 21:20:31'),
(869, 10, 755, 'sdf', 'sdfsdf', 0, 3, '2014-12-07 21:20:59'),
(861, 12, 755, 'sdfdsf', 'sdfdsf', 0, 3, '2014-12-07 20:31:29'),
(862, 12, 755, 'sdfdsf', 'sdfdf', 0, 3, '2014-12-07 20:32:28'),
(855, 12, 755, 'sdf', 'sdfsdf', 0, 2, '2014-12-07 19:25:29'),
(856, 12, 755, 'sdf', 'sdfsfsf', 0, 3, '2014-12-07 19:25:48'),
(857, 12, 755, 'sdf', 'sdfdsf', 0, 5, '2014-12-07 19:26:00'),
(858, 12, 755, 'sdfds', 'sdfdsf', 0, 3, '2014-12-07 19:50:34'),
(859, 12, 755, 'sdfdsf', 'sdf', 0, 3, '2014-12-07 19:50:47'),
(860, 12, 755, 'sdfdsf', 'sdfsdf', 0, 2, '2014-12-07 20:16:47'),
(854, 12, 755, 'sdf', 'sdfdsf', 0, 3, '2014-12-07 19:22:45'),
(853, 12, 755, 'sdf', 'sdfdsf', 0, 3, '2014-12-07 19:21:41'),
(839, 12, 755, 'sdf', 'sdfdsf', 0, 3, '2014-12-07 19:11:11'),
(840, 12, 755, 'sdf', 'sdfdsf', 0, 3, '2014-12-07 19:11:33'),
(841, 12, 755, 'sdf', 'sdfdf', 0, 3, '2014-12-07 19:12:29'),
(842, 12, 755, 'sdf', 'sdfdsf', 0, 2, '2014-12-07 19:12:36'),
(843, 12, 755, 'sdfdsf', 'sdfdsf', 0, 3, '2014-12-07 19:12:49'),
(844, 12, 755, 'sdfdsf', 'sdfdf', 0, 4, '2014-12-07 19:12:54'),
(845, 12, 755, 'sdf', 'sdfdsf', 0, 3, '2014-12-07 19:13:54'),
(846, 12, 755, 'sdfdsf', 'sdfdsf', 0, 3, '2014-12-07 19:13:59'),
(847, 12, 755, 'sdfdsf', 'sdfsdf', 0, 3, '2014-12-07 19:14:34'),
(848, 12, 755, 'sdf', 'sdff', 0, 3, '2014-12-07 19:15:47'),
(849, 12, 755, 'sdf', 'sdfdsf', 0, 3, '2014-12-07 19:16:01'),
(850, 12, 755, 'sdf', 'sdfdsf', 0, 4, '2014-12-07 19:16:32'),
(851, 12, 755, 'fgfdg', 'dfgfdg', 0, 3, '2014-12-07 19:17:10'),
(852, 12, 755, 'sdf', 'sdfdsf', 0, 3, '2014-12-07 19:20:33'),
(833, 12, 755, 'sdf', 'sdfdsf', 0, 3, '2014-12-07 18:56:51'),
(834, 12, 755, 'sdf', 'sdfsdf', 0, 3, '2014-12-07 19:06:32'),
(835, 12, 755, 'dsf', 'sdff', 0, 3, '2014-12-07 19:08:44'),
(836, 12, 755, 'sdf', 'sdfdsf', 0, 3, '2014-12-07 19:09:03'),
(837, 12, 755, 'sdfdsf', 'sdfdsf', 0, 2, '2014-12-07 19:10:58'),
(838, 12, 755, 'dfsdf', 'sdfsdfsdf', 0, 5, '2014-12-07 19:11:07'),
(829, 12, 755, 'sdf', 'sdfdf', 0, 3, '2014-12-07 18:50:14'),
(830, 12, 755, 'sdfsdf', 'sdf', 0, 3, '2014-12-07 18:51:57'),
(831, 12, 755, 'sdf', 'sdfdsf', 0, 4, '2014-12-07 18:52:20'),
(832, 12, 755, 'sdfdsf', 'sdfdsf', 0, 4, '2014-12-07 18:52:30'),
(824, 12, 755, 'sdf', 'sfsdf', 0, 4, '2014-12-07 18:25:27'),
(825, 12, 755, 'sdf', 'sdfdsf', 0, 3, '2014-12-07 18:26:16'),
(826, 12, 755, 'sdf', 'sdff', 0, 4, '2014-12-07 18:27:25'),
(827, 12, 755, 'sdfdsf', 'sdfsfsdf', 0, 4, '2014-12-07 18:27:41'),
(828, 12, 755, 'sdfdsf', 'sdfdsf', 0, 2, '2014-12-07 18:35:12'),
(821, 12, 755, 'sdfdsf', 'sdfdsf', 0, 3, '2014-12-07 18:23:24'),
(822, 12, 755, 'sdfdsf', 'sdf', 0, 2, '2014-12-07 18:23:59'),
(823, 12, 755, 'sdfsdf', 'sdfdf', 0, 3, '2014-12-07 18:24:50'),
(809, 12, 755, 'sdfsf', 'sdfdsf', 0, 4, '2014-12-07 16:31:20'),
(810, 12, 755, 'sdf', 'sdfsdf', 0, 3, '2014-12-07 16:31:34'),
(811, 12, 755, 'sdfsdf', 'sdfdsf', 0, 4, '2014-12-07 17:49:28'),
(812, 10, 755, 'sdfsdf', 'sdf', 0, 4, '2014-12-07 17:49:40'),
(813, 10, 755, 'sfdf', 'sfsdf', 0, 3, '2014-12-07 17:50:30'),
(814, 10, 755, 'sdfdf', 'sdf', 0, 3, '2014-12-07 17:50:52'),
(815, 10, 755, 'sdfdf', 'sdf', 0, 4, '2014-12-07 17:52:40'),
(816, 10, 755, 'sdfsdf', 'sdf', 0, 2, '2014-12-07 17:53:02'),
(817, 10, 755, 'sdf', 'sdfdsf', 0, 4, '2014-12-07 17:53:15'),
(818, 12, 755, 'sdf', 'sdfdf', 0, 2, '2014-12-07 17:53:24'),
(819, 12, 755, 'sdfdsf', 'sdf', 0, 3, '2014-12-07 18:03:33'),
(820, 12, 755, 'sdfdsf', 'sdfdsf', 0, 4, '2014-12-07 18:04:24'),
(804, 10, 755, 'sdfdsf', 'sdfsdfdsf', 0, 3, '2014-12-07 16:18:18'),
(805, 10, 755, 'sdfdsf', 'sdfsdfdsf', 0, 3, '2014-12-07 16:18:47'),
(806, 10, 755, 'sdfdsf', 'sdfsdfdsf', 0, 3, '2014-12-07 16:30:43'),
(807, 10, 755, 'sdf', 'sfdsf', 0, 4, '2014-12-07 16:30:54'),
(808, 12, 755, 'sdfdsf', 'sdfdf', 0, 4, '2014-12-07 16:31:10'),
(799, 10, 754, 'asdasd', 'adasd', 0, 4, '2014-12-07 10:34:01'),
(800, 10, 754, 'sdfdsf', 'sdfdf', 0, 4, '2014-12-07 10:35:43'),
(801, 12, 755, 'sdf', 'sdf', 0, 3, '2014-12-07 16:14:16'),
(802, 10, 755, 'sdfdsf', 'sdf', 0, 3, '2014-12-07 16:14:38'),
(803, 10, 755, 'sdfdsf', 'sdf', 0, 3, '2014-12-07 16:16:45'),
(797, NULL, 746, 'A review', 'We get this pizza all the time. Well worth the couple of extra bucks when compared to dominoes etc. Delicious. ', 0, 5, '2014-12-07 09:35:38'),
(796, NULL, 746, 'A review', 'On waiting just under 90minutes I was 1 Caesar salad short and received a Luke warm pizza, the delivery driver dismissed any wrongdoing . On phoning up for an explanation the manager was friendly and sincere and offered me a credit on my next order, I''m expecting 5 star service next time. ', 0, 2, '2014-12-07 09:35:38'),
(795, NULL, 746, 'A review', 'Waited over an hour and a half for delivery. They didn''t even offer compensation. The pizza was fine, but by the time it arrived it was just too long.', 0, 1, '2014-12-07 09:35:38'),
(794, NULL, 746, 'A review', 'Terrible in every way! After a wait of an hour and twenty minutes (on a regular weeknight), the driver finally turned up with a stone cold order missing multiple items ......apparently half the menu is out of stock! On calling the store was told that the manager was too busy to speak to me, but will be calling me later..... basics of customer service - don''t fob it off when you have obviously made a mistake. Never, ever, ever ordering here again as this is the third bad experience!!', 0, 2, '2014-12-07 09:35:38'),
(792, NULL, 755, 'A review', 'Don''t expect much from the pasta but they do deliver at 9:30 on Friday. ', 0, 3, '2014-12-07 09:35:38'),
(793, NULL, 746, 'A review', 'Pick up my special regularly; always good & the service is great.', 0, 5, '2014-12-07 09:35:38'),
(791, NULL, 755, 'A review', 'This is our local Pizza place.  We love it.  The bases are great (I think I''m actually addicted to them) and you can even buy the bases frozen to make your own pizzas at home.  Watch out for the cheese pizzas, they''re great flavour but they''re way too heavy on the cheese.  I always ask for half.  Service is sometimes a bit impersonal/cold, but not always (e.g. I''ve been going their for years, probably at least once a fortnight and they still don''t know my name or regular order).  The pizza is good though.    ', 0, 4, '2014-12-07 09:35:38'),
(790, NULL, 754, 'A review', 'I love your pizza. It is amazing. Best bases ever! Love the Chicken Delight and now you delilver!!!! Great for a night in and a few vino''s. The service and staff are always fantastic', 0, 4, '2014-12-07 09:35:37'),
(788, NULL, 754, 'A review', 'Great! They have dental molds on the wall', 0, 4, '2014-12-07 09:35:37'),
(789, NULL, 754, 'A review', 'Always consistent. Pizza is great, beautiful bases.', 0, 4, '2014-12-07 09:35:37'),
(787, NULL, 754, 'A review', 'Went there on an Our Deal voucher to "check it out" and to see the neighbourhood. Let me first say the SERVICE was incredible. The young lass was on the job from hello. We had our young three year old lad with us and the atmosphere was very conducive with colouring books and colouring sticks. We ordered his kids meal of Carbonnara right away. A wine corkage of $4 per bottle is respectable. The adults started with the voucher inclusive Dips & Pizza Bread Trio of dips served with garlic and mozzarella pizza bread, (normally $10.95). For mains my father-in-law found the pasta marinara (normally $19.95) to be tasty and of good size for value. My Mother-in-law had the Rainforest pasta, she too was pleased with its flavour having just the required amount of spice. My wife and I shared a large half-half Veggie Rainforest and Tassie Smoked Salmon Pizza...YUMMY. The base was PERFECT and the flavours melded well. Overall it was a good evening and everyone walk away happy. Tops!!!', 0, 4, '2014-12-07 09:35:37'),
(784, NULL, 753, 'A review', 'Great traditional Italian. Great value for money. Good service. Love to see some Sardinian dishes on the menu. We will be back do sure!!!!', 0, 5, '2014-12-07 09:35:37'),
(785, NULL, 753, 'A review', 'I feel like I''ve wasted so many years going to other Italian restaurants. You will not be disappointed.', 0, 5, '2014-12-07 09:35:37'),
(786, NULL, 754, 'A review', 'With 4 young (6-11) kids it''s been hard to find a place where we can go out and everyone can find something they like.  Our first trip to Tomato Bros. (As my sons call it) was an outstanding evening, all the kids enjoyed their food, and my wife and I had an enjoyable night out.  Would have been 5 stars, but our end of night coffee was ruined by overcooked milk.  Heading back on Saturday before the NRC match at Ballymore!!', 0, 4, '2014-12-07 09:35:37'),
(782, NULL, 753, 'A review', 'amazing experience for both my partner and I, friendly staff, warm environment, absolutely amazing food. defiantly worth going back to. spectacular. 5 stars! ', 0, 5, '2014-12-07 09:35:37'),
(783, NULL, 753, 'A review', 'Meh, friendly warm staff. Took a while with ok pizza. Have since made better at home.', 0, 3, '2014-12-07 09:35:37'),
(781, NULL, 753, 'A review', '29.12.13 is when  we came upon this little piece of Italy and regret not dinning here sooner. This restaurant is run by an Italian family and the chef is producing the most comforting Italian food I have ever eaten in Queensland.  We ordered the Brushetta,  Bolognaise, Mediterranean and Meatlovers pizzas and it was all deliciously cooked for us.  Chef also meets & greets you at your table, his lovely gesture topped off a fantastic meal.  We will go back again and again.', 0, 5, '2014-12-07 09:35:37'),
(780, NULL, 752, 'A review', 'The pizza bases in combination with the toppings make the pizza''s really good. But at $17 each it''s at the steep end of the pizza world to be honest isn''t justified.', 0, 4, '2014-12-07 09:35:37'),
(778, NULL, 752, 'A review', 'Really nice pizza - not oily at all. Great toppings. A little pricey though. ', 0, 5, '2014-12-07 09:35:37'),
(779, NULL, 752, 'A review', 'Was pretty disappointed - the shop itself looked really cute and cosy but the pizza was pretty average and the bolognaise was tasteless.', 0, 2, '2014-12-07 09:35:37'),
(777, NULL, 752, 'A review', 'Best Pizza around with awesome desserts too! I''ll be back next week....yum!', 0, 5, '2014-12-07 09:35:37'),
(773, NULL, 751, 'A review', 'Excellent!\n\nAll the staff are genuinely enthused about their job and it shows not only in their service but the food as well.\n\nBoth the pizza and pasta were amazing. Never will I bother with Domino''s, Pizza Hut, etc again!\n\nI have no problem in paying the bit extra to receive the quality these guys supply!', 0, 5, '2014-12-07 09:35:36'),
(774, NULL, 751, 'A review', 'Great lunch deal for 2. Pizza and a jug of softdrink. Gold.', 0, 4, '2014-12-07 09:35:36'),
(775, NULL, 751, 'A review', '5 year customer. The atmosphere is great and the pizza is to die for.', 0, 5, '2014-12-07 09:35:36'),
(776, NULL, 752, 'A review', 'I like this place a lot. Similar to Capers and Crust in style but combined with a traditional style as well.\nYou can tell the bases are hand made and the toppings are different enough to be interesting and a great change. Quality of the ingredients is really good.\n', 0, 5, '2014-12-07 09:35:37'),
(772, NULL, 751, 'A review', 'David is a mad guy - Nick Carra', 0, 5, '2014-12-07 09:35:36'),
(771, NULL, 751, 'A review', 'Fantastic pizzeria.. good service. This place used to deliver for our client meetings. The admin girls always ordered a bit early and the food went cold. :(. Finally sat in and had a chilli garlic prawn pizza and a little creatures on tap... delicious. Well worth checking out if you havent already.', 0, 5, '2014-12-07 09:35:36'),
(770, NULL, 750, 'A review', 'I have lived in Ashgrove for 3 years and have visited the store many times, the food is good, hence i am stupid enough to go back as the staff is terrible and very rude, bad appearance and not fit to do that job (which is pretty much just customer service). Which kids in college could do better? being a vegetarian for the last 8 years in my experience if you order a cheese pizza from a place like that %90 of the time its a little bit cheaper then ones with toppings, (sounds fair right?) and i hadn''t ordered for about 2 months since last time they gave me the wrong meal, (first time i ate meat in 7 years they served me meat lasagne instead of the veggie one i ordered, took two bites before realizing and they were rude about that as well) and i thought from memory their cheese pizza was a little less but the new menu was advising they were the same as others so I called to check, her response (the manager) was if you don''t like the price go somewhere else you can get pizza hut for $5 if you want the cheap sh&*^ they will give it to you. so i did, i ordered $85 worth of pizza hut (i share a house with 2 friends and we all work out and get a big feed once a week) which they just lost as well and long time customers, no matter how good the food its not worth the hassle of dealing with such rude and incompetent staff/management i actually feel sorry for them.', 0, 1, '2014-12-07 09:35:36'),
(769, NULL, 750, 'A review', 'Rude.rude.rude. How does this place stay in business?\nI assume the owner is the Italian speaking lady with black  hair. She is so rude.\nLucky she  her own business as she would not be employable. ', 0, 1, '2014-12-07 09:35:36'),
(767, NULL, 750, 'A review', 'Ordered Friday night Pizzas which took over 1 and 1/2 hours and were delivered luke warm. When spoke to the restaurant about this was told (by the female owner) that Friday nights were busy so delays were to be expected. She also said she offers free delivery and if we weren''t happy with that then we should collect next time!! I would rather have paid an extra $5 for delivery and a hot pizza! Very very disappointing -  there''s too much competition currently in Brisbane to put up with poor food and even poorer customer service!', 0, 1, '2014-12-07 09:35:36'),
(768, NULL, 750, 'A review', 'pizza nice, but they have lost loyal customers due to being really rude.\nI actually cancelled my order due to the rudeness. ', 0, 1, '2014-12-07 09:35:36'),
(766, NULL, 750, 'A review', 'This is the last time I give this place a chance. Went to the restaurant for dinner and I''ll skip the repeated news of the service at this place, it was once again s$#!. I only came back to give it a chance. I am by no means fussy. I am a bit of an optimist who will be pleased if I can at least identify one thing about the experience that was pleasing. Time after time this restaurant (if it can even call itself that) fails to deliver. No exaggeration, the pizza bases taste pre-made. I don''t care if they are or aren''t, that is what they taste like, which should be enough to shame them as a genuine Italian restaurant. The pizzas are also burnt. How is this possible every time if this is what the business does on daily basis. A foccacia from the supermarket actually tastes better than what they turn out at this place, that is shocking.The pasta is just as bad, it is bland, hard rather than soft and the toppings are cheap. If this place has any association with Carlo''s Naples Pizzeria at Zillmere than this is a true shame as that establishment knows how to make authentic fine food. Pity it is far away. Several other choices locally, don''t make yourself believe that the reviewers are being picky.', 0, 1, '2014-12-07 09:35:36'),
(764, NULL, 749, 'A review', 'My favourite pizza joint in Brisbane.', 0, 5, '2014-12-07 09:35:35'),
(765, NULL, 749, 'A review', 'Pizzas are good but be prepared to re-mortgage your house - very expensive!', 0, 3, '2014-12-07 09:35:35'),
(763, NULL, 749, 'A review', 'The garlic bread is AWESOME. Great food, but we would not buy it without a 2 for 1 voucher as it is very expensive.', 0, 5, '2014-12-07 09:35:35'),
(760, NULL, 746, 'A review', '', 0, 4, '2014-12-07 09:35:35'),
(761, NULL, 749, 'A review', 'LOVE their pizza...sooooo much topping and great flavor! Yes they are expensive, however if i''m going to have pizza i want it to be nice, not taste like greasy cardboard which is all you get from the fast food places!', 0, 5, '2014-12-07 09:35:35'),
(762, NULL, 749, 'A review', 'got takeaway.... damn good pizza. Looking forward to dining in at all you can eat', 0, 5, '2014-12-07 09:35:35'),
(759, NULL, 746, 'A review', 'Good pizza. Not particularly cheap. Cater for Gluten Intolerants.', 0, 5, '2014-12-07 09:35:35'),
(758, NULL, 746, 'A review', 'As good as takeaway pizza gets. Reef and beef is a killer, as is the bonanza. GF pizzas are good too. The owner Chris is a nice bloke and runs a good shop. Expensive, but good for a splurge,', 0, 5, '2014-12-07 09:35:35'),
(757, NULL, 746, 'A review', 'Absolutely delicious pizza and worth every cent!  I was amazed at the amount of toppings and the quality.  My family loved the alfungi (millions of mushrooms) and the pepperoni pizza (very tasty pepperoni).  Very friendly counter staff.  We will be back!!', 0, 5, '2014-12-07 09:35:35'),
(755, NULL, 748, 'A review', 'One of the manager is really rude. We are paying for the food for gods sake. Its the old lady. So rude.', 0, 1, '2014-12-07 09:35:35'),
(756, NULL, 746, 'A review', 'Reef and beef pizza is a favorite. Order online, it couldn''t be easier.', 0, 4, '2014-12-07 09:35:35'),
(753, NULL, 748, 'A review', 'Great for when you''ve got the munchies after a night with the lads.', 0, 3, '2014-12-07 09:35:35'),
(754, NULL, 748, 'A review', 'Every pizza I''ve ordered from here has been awesome!\nI''ve never had any trouble with this place :)\nPizza Mia''s from any pizza hut aren''t super awesome,\nbut this is the best Pizza Hut I''ve been to in Australia so far.', 0, 5, '2014-12-07 09:35:35'),
(752, NULL, 748, 'A review', 'Got door smashed in the face of a little girl by pizza courier and when we complaint we got told to calm down by a rude manager but all we said in a calm tone was to tell their couriers to be a bit more carefull and just apologize if you hit someone. This happened on 9/4/2013 19.15', 0, 3, '2014-12-07 09:35:35'),
(750, NULL, 747, 'A review', '', 0, 5, '2014-12-07 09:35:35'),
(751, NULL, 748, 'A review', 'Awesome friendly service. Some of the best tasting pizzas with excellent value in the area. Excellent location.', 0, 5, '2014-12-07 09:35:35'),
(746, NULL, 739, 'A review', 'Hi guys!\n\nWe ate your pizza on Sat night and I never get pizza as I am gluten free but on this occasion thought I would risk it.\n\nI can not believe how AMAZING it was.  We had to check if the base was in fact gluten free! \n\nDelicious - you have restored my faith in gluten free pizza :) \n\nCheers\nBelinda', 0, 5, '2014-12-07 09:35:34'),
(747, NULL, 739, 'A review', 'I have ordered from this location twice and they are incredible - service and quality!  Cheers!', 0, 5, '2014-12-07 09:35:34'),
(748, NULL, 739, 'A review', 'Loved the place, food and the people. Great atmosphere, good prices and yummy food. Nice easy night out and we were made to feel special. Perfect for a couple of 60 year olds but 20 year olds would love it too.  We''ll be back', 0, 5, '2014-12-07 09:35:34'),
(749, NULL, 739, 'A review', 'This is our go-to lunch idea at my office. They have delivery to the downtown offices, plus great gluten free crust for those who need or want it! The garlic mashed potato pizza with broccoli is our favorite', 0, 5, '2014-12-07 09:35:34'),
(745, NULL, 739, 'A review', 'The toppings were a bit light on, as I find served up at most pizza parlours these days... cutting corners. The flavour was OK. The base was OK. I probably won''t return in the near future as I''m working my way around the local pizza joints to find the best. I think I can do better.', 0, 3, '2014-12-07 09:35:34'),
(744, NULL, 746, 'A review', 'Good fast-food pizza, very quick service but expensive without vouchers', 0, 4, '2014-12-07 09:35:34'),
(742, NULL, 744, 'A review', '', 0, 4, '2014-12-07 09:35:33'),
(743, NULL, 744, 'A review', '', 0, 5, '2014-12-07 09:35:33'),
(741, NULL, 744, 'A review', 'One of the best Pizza Hut''s in Queensland.', 0, 5, '2014-12-07 09:35:33'),
(736, NULL, 743, 'A review', 'Loved it! I had a calzone and it was amazing. The new owners are brilliant and are actually Italian. They were so lovely and accommodating!', 0, 5, '2014-12-07 09:35:33'),
(737, NULL, 743, 'A review', 'NEW OWNERS!!! so so good!! REAL ITALIAN!!!!', 0, 5, '2014-12-07 09:35:33'),
(738, NULL, 743, 'A review', '', 0, 4, '2014-12-07 09:35:33'),
(739, NULL, 743, 'A review', '', 0, 5, '2014-12-07 09:35:33'),
(740, NULL, 744, 'A review', 'The best pizza I ever had,  is from this shop.  Highly recommend must try. ', 0, 5, '2014-12-07 09:35:33'),
(734, NULL, 742, 'A review', 'Continue to visit time after time. Great food and atmosphere with friendly family service.', 0, 4, '2014-12-07 09:35:33'),
(735, NULL, 743, 'A review', 'I have absolutely no words to describe how amazing this humble little restaurant is. The food is as wonderful as my baba makes and it''s simply incredible. The service is incomparable and I have been blown away by Puccini''s. What a beautiful and warm experience with tremendous food!', 0, 5, '2014-12-07 09:35:33'),
(732, NULL, 742, 'A review', 'Good pizza and excellent service.', 0, 4, '2014-12-07 09:35:33'),
(733, NULL, 742, 'A review', 'Great Italian food at value for money BYO wine recommended. 10+ visits over three years', 0, 4, '2014-12-07 09:35:33'),
(731, NULL, 742, 'A review', 'Fantastic food! Reasonable prices considering the serving sizes. My waiter, Alessio was incredibly personal and intimate, impeccable service. Would recommend the duck risotto to all!', 0, 5, '2014-12-07 09:35:33'),
(727, NULL, 740, 'A review', 'Best Cevap''s in town, haven''t tried the pizza but i hear its very good.', 0, 5, '2014-12-07 09:35:32'),
(728, NULL, 740, 'A review', 'Nice pizza ready in 10!', 0, 5, '2014-12-07 09:35:32'),
(729, NULL, 741, 'A review', '', 0, 5, '2014-12-07 09:35:33'),
(730, NULL, 742, 'A review', 'We loved it .\nWaiters were really nice and smiling,\nAbout food it was good presentation, tasty, and fresh. \nWe took a garlic bread as entry, it was a nice one ( 3 pieces ), and after pizza for me, and pasta for my partner, it was really nice. \nThe price is fair enough for this nice food.\n\n', 0, 5, '2014-12-07 09:35:33'),
(725, NULL, 740, 'A review', 'Best wood fired pizza in Brisbane hands down.  Try the Al Fungi.  Also awesome cevapi and other meals as well.  ', 0, 5, '2014-12-07 09:35:32'),
(726, NULL, 740, 'A review', 'Food is beautiful, so good to find proper wood-fire pizza not to mention cevapi. Thank you Zoran', 0, 5, '2014-12-07 09:35:32'),
(724, NULL, 740, 'A review', 'Awesome traditional pizza. Dont mind paying a good price for pizza that is cooked well with top quality ingredients', 0, 5, '2014-12-07 09:35:32'),
(722, NULL, 739, 'A review', '35 min original wait time. Then 10 mins longer. Then 5 more. Not terrible but worst gourmet pizza I''ve had. ', 0, 2, '2014-12-07 09:35:32'),
(723, NULL, 739, 'A review', 'This place serves ONLY Pizza as a main dish. So it was very disappointing to discover the following about my Pizza: As a first bite, I felt something was missing, couldn''t quite put my finger on it. \na) chorizo was blunt and not spicy\nb) Pizza sauce felt like a cheap tomato paste with an unnecessary sour sting to it\nc) Mozzarella cheese had a bad chewy texture and tasteless\nd) and the cream of the crop, Burn dough from the outside not done on the inside. WOW!!! they can write a guide on 4 ways to screw-up a Pizza!!!', 0, 2, '2014-12-07 09:35:32'),
(721, NULL, 739, 'A review', 'How does this place stay in business making such terrible pizza. I bought it for the kids and even they didn''t like it', 0, 1, '2014-12-07 09:35:32'),
(720, NULL, 739, 'A review', 'Vespa is definietly a cut abive the rest. I have been in New Farm for 5 years and love Pizza. If you are tired of the plastic pizza put out by the chains. Vespa Pizza will be a massive step up. Quailty of ingredients are high and the smokey flavours from the woodfire add to the flavour. My favourite is the Pepperoni but have not had a bad pizza . Takeaway is also prompt! ', 0, 4, '2014-12-07 09:35:32'),
(716, NULL, 852, 'A review', '', 0, 3, '2014-12-07 09:10:13'),
(717, NULL, 854, 'A review', 'Prezzo Altissimo ', 0, 4, '2014-12-07 09:10:13'),
(718, NULL, 854, 'A review', '', 0, 1, '2014-12-07 09:10:13'),
(719, NULL, 739, 'A review', 'Nice spot that is tucked away. The atmosphere is rather charming. The food is good but I found the pricing to be a little high for what I got. The quantity of toppings was a bit scant. Aside from this, the service was friendly enough and you can order online for pickup if you''re in a rush. ', 0, 4, '2014-12-07 09:35:32'),
(713, NULL, 852, 'A review', 'super panini e grande simpatia', 0, 5, '2014-12-07 09:10:13'),
(714, NULL, 852, 'A review', 'Stupendo', 0, 5, '2014-12-07 09:10:13'),
(715, NULL, 852, 'A review', 'Paninaro Fenomenale - credo sia uno dei migliori a Roma :)! ', 0, 5, '2014-12-07 09:10:13'),
(711, NULL, 851, 'A review', '', 0, 3, '2014-12-07 09:10:12'),
(712, NULL, 852, 'A review', 'Panizzi (panini fatti con l''impasto della pizza) e pizza buonissimi, proprietari simpaticissimi e molto disponibili, consigliatissimo! ', 0, 5, '2014-12-07 09:10:13'),
(709, NULL, 851, 'A review', '', 0, 5, '2014-12-07 09:10:12'),
(710, NULL, 851, 'A review', '', 0, 5, '2014-12-07 09:10:12'),
(707, NULL, 850, 'A review', '', 0, 4, '2014-12-07 09:10:12'),
(708, NULL, 851, 'A review', 'In 3 persone:\n2 antipasti (1 piatto con un p di affettati, e 3 carciofini messi in croce) avevamo chiesto anche la mozzatella di bufala, ma evidentemente non sanno cosa sia e non l''hanno portata!\n1 primo di risotto alla crema di scampi\n2 bistecchine ed 1 cicoria abbiamo speso 90,00 con lo sconto! DA PAZZI!\nFrequento il Bivacco da quando era al posto dell''attuale ristorante "Amatrice" ma devo dire che stanno davvero andando a picco ora! Spero che chiudano presto, chi non si adegua non merita di restare a galla!', 0, 2, '2014-12-07 09:10:12'),
(704, NULL, 849, 'A review', 'La pizza  arrivata tutta spappolata con i cartoni unti immangiabile.Scosiglio caldamente', 0, 2, '2014-12-07 09:10:12'),
(705, NULL, 849, 'A review', '', 0, 5, '2014-12-07 09:10:12'),
(706, NULL, 850, 'A review', 'Una pizzeria al taglio di ottima qualita'' da assaggiare i pomodori ripieni con patate realmente eccellenti.....la gassosa al momento introvabile che fa ritornare agli anni ''70....', 0, 4, '2014-12-07 09:10:12'),
(703, NULL, 849, 'A review', 'Peggior pizza mai provata!\n\nVeramente non ho mai mangiato una pizza cosi pessima! Non vi ingannate dai prezzi che sembrano "diciamo" bassi, sul volantino ci sono altri prezzi e i men non coincidono propio. Per non parlare del servizio; ho ordinato 4 pizze tonde e ci hanno messo piu di 40 min per arrivare, siamo due passi vicino!', 0, 1, '2014-12-07 09:10:12'),
(702, NULL, 849, 'A review', 'Pizze fredde, in ritardo, bruschette di plastica annaccquata, fiori di zucca (uno contato) impregnato di olio. Le patatine (poche, e facevano pena) aggiustavano il palato.. il che  tutto dire..', 0, 1, '2014-12-07 09:10:12'),
(699, NULL, 848, 'A review', 'Cibo scarso nel piatto pappardelle ai funghi porcini e dei funghi solo l''odore.. ho ancora fame', 0, 1, '2014-12-07 09:10:12'),
(700, NULL, 848, 'A review', '', 0, 5, '2014-12-07 09:10:12'),
(701, NULL, 849, 'A review', 'Preso d''asporto e mai mangiato cos male: quattro patatine in croce, pizza immangiabile, calzone maleodorante, fiorE di carciofo orribile e bruschette umide... Aggiungiamo anche i 10minuti di ritardo..', 0, 1, '2014-12-07 09:10:12'),
(697, NULL, 848, 'A review', 'Ottimo cibo', 0, 5, '2014-12-07 09:10:12'),
(698, NULL, 848, 'A review', 'Non ci torno pi. Prenotato un tavolo per le 23 causa lavoro, mi hanno detto che non c''erano problemi e invece arrivati li ci hanno detto che la cucina era chiusa!! Veramente poco professionali!!!!!!', 0, 4, '2014-12-07 09:10:12'),
(696, NULL, 848, 'A review', 'Ancora non ho avuto modo di provare dal vivo ma dalle recensioni che ho letto..devo assolutamente passare a trovarvi :P  \n\nNon d 5 stelle perch gli manca solo una cosa... una tessera fedelt che darebbe a noi clienti molti vantaggi..ma questi vantaggi ci starebbero anche per il ristorante!  \n\n un programma fedelt che esiste da 10 anni in tutto il mondo ed in italia da ben 2 anni.  \n\nPer chi ha una o pi attivit, permette di fidelizzare la clientela attuale e guadagnare nuovi clienti. Oltre ad una pubblicit nel circuito che vanta migliaia di utenti.  \n\nSe foste interessati vi prego di fammi sapere, in quanto un mio collaboratore potrebbe passare in sede a dettagliare questa opportunit.  \n\nOrmai io e mia moglie cerchiamo di usarla il pi possibile visto che abbiamo un ritorno di denaro ed anche perch il circuito vanta migliaia di aziende :)))', 0, 4, '2014-12-07 09:10:12'),
(695, NULL, 847, 'A review', 'L''ho voluto provare, ma non mi ha x nulla soddisfatto, soprattutto il conto alla fine, pensavo di spendere molto di meno visto che  una trattoria, e invece no...la cucina  sufficiente, nulla pi. La cosa che non ho provato  la pizza, che avendo il forno a legna, dovrebbe esser buona...forse.', 0, 2, '2014-12-07 09:10:11'),
(691, NULL, 846, 'A review', '', 0, 5, '2014-12-07 09:10:11'),
(692, NULL, 847, 'A review', 'Buona carne e primi', 0, 4, '2014-12-07 09:10:11'),
(693, NULL, 847, 'A review', 'Clima familiare prezzi giusti', 0, 4, '2014-12-07 09:10:11'),
(694, NULL, 847, 'A review', '', 0, 2, '2014-12-07 09:10:11'),
(687, NULL, 845, 'A review', '', 0, 5, '2014-12-07 09:10:11'),
(688, NULL, 845, 'A review', '', 0, 5, '2014-12-07 09:10:11'),
(689, NULL, 846, 'A review', '', 0, 5, '2014-12-07 09:10:11'),
(690, NULL, 846, 'A review', '', 0, 2, '2014-12-07 09:10:11'),
(684, NULL, 844, 'A review', 'La miglior pizzeria di Roma!', 0, 5, '2014-12-07 09:10:11'),
(685, NULL, 844, 'A review', '', 0, 5, '2014-12-07 09:10:11'),
(686, NULL, 845, 'A review', 'la pizza e'' molto buona , il servizio a domicilio puntuale ed efficente . ', 0, 4, '2014-12-07 09:10:11'),
(683, NULL, 844, 'A review', 'pizza ottima e servizio impeccabile .', 0, 5, '2014-12-07 09:10:11'),
(682, NULL, 844, 'A review', 'Veramente ottimo persone squisite e molto cordiali', 0, 5, '2014-12-07 09:10:11'),
(681, NULL, 844, 'A review', 'Bellissima pizzeria. Colpisce l''atmosfera familiare e soprattutto la gentilezza del personale. Dalla prima all''ultima persona che lavora li. Anche il cibo  molto buono. Compresa la pizza. ', 0, 5, '2014-12-07 09:10:11'),
(680, NULL, 843, 'A review', 'Senza scherzi questa piccola impresa  qualcosa da tenere seriamente presente se avete bisogno di una cena "espressa", amate la pizza ed i classici fritti della tradizione "pizzettara" romana e - soprattutto - vi trovate in zona Talenti/Casal dei Pazzi.\n\nSu quest''ultimo punto non sono sicuro al 100% perch non ho mai chiesto al titolare se hanno limitazioni di zona per le consegne.\n\nTornando a bomba, il loro punto di forza  senza ombra di dubbio la disponibilit del forno a legna, cui si aggiungono un impasto di qualit, lievitato al punto giusto ( una delle poche pizze che - nonostante i miei problemi di digestione - non "si rinfaccia" durante la notte) ed ingredienti ottimi e distribuiti con grande larghezza di manica.\n\nE il prezzo.\nFondamentale, visto che stiamo parlando di un''attivit che lavora SOLO su ordinazione con consegna a domicilio.\nNon c'' una pizza - per quanto elaborata - che sfori la soglia dei  6,50 e per giunta dispongono di un pacchetto offerte estremamente vantaggioso.\n\nTanto per fare un esempio, la loro Offerta per Due prevede per un corrispettivo di  17,00 due pizze A SCELTA, 2 suppl, 2 crocchette, 4 olive ascolane, 4 mozzarelline fritte e 2 bibite a scelta... per meno di  8,50 a testa due persone fanno cena completa e superabbondante, visto che le pizze sono delle signore pizze di cospicue dimensioni.\n\nFinora chiunque dei miei amici, parenti e conoscenti l''abbia provata  rimasto folgorato sulla via di Damasco come accadde a me la prima volta che mi hanno consegnato nella buca delle lettere il loro volantino.\n\nSe proprio devo trovargli un neo, questo  nei tempi di consegna che - specie nelle giornate "critiche" del venerd e del sabato - pu raggiungere (e superare anche se di rado) l''ora.\nSe a prima vista pu sembrare un''enormit, occorre tener presente che - bench dispongano di una mezza dozzina di corrieri - la pizzeria lavora a tutta forza per tutta la sera e gli ordini in arrivo sono regolarmente dozzine.\n\nLo so per certo in quanto, dal momento che sono in zona, le pizze me le vado a prendere da solo. In quel caso sono pronte in meno di un quarto d''ora. Entrando nel locale (estremamente risicato) ci si rende immediatamente conto del volume di pizza che Fiori di Zucca smercia: ci sono regolarmente in attesa di essere evasi/consegnati sempre una dozzina di ordinativi e i fattorini arrivano e partono a getto continuo (ne ho contati 4 nello spazio di 5 minuti).\nQuindi il mio consiglio  - se avete fretta e abitate in zona Graf - di ordinare per telefono e passare a prendere il tutto; in dieci minuti sarete serviti.\nAltrimenti mettetevi in attesa con santa pazienza: non resterete comunque delusi!\n\nClaudio "Hyppoleonida" Altieri - Roma', 0, 5, '2014-12-07 09:10:10'),
(679, NULL, 843, 'A review', 'Le etichette per dare i punteggi sono da affinare (l''arredamento per una pizzeria ad asporto  veramente irrilevante), ma il risultato complessivo  comunque quello: ottimo!\n\nSe siete amanti della pizza napoletana,  il posto per voi! Pizza bella alta, con ingredienti di prima scelta, un''ottima ampiezza di men (non fatevi mancare le pizze voja ''e napule).\nPotete andare l, comprarla e portarvela a casa, oppure farvela direttamente mandare a domicilio. Il raggio di azione  limitato, ovviamente, ma credo che serva anche in zona prati fiscali (immediatamente accanto per, non di pi). In altre direzioni non saprei dire, ma posso osare che si muovano anche verso il quartiere africano (sempre per all''inizio dello stesso).', 0, 5, '2014-12-07 09:10:10'),
(676, NULL, 842, 'A review', 'Veramente un bel posticino, tranquillo e familiare. Ottima la cucina e la pizza.\nPrezzi assolutamente ragionevoli.\n\n', 0, 4, '2014-12-07 09:10:10'),
(677, NULL, 842, 'A review', 'complimenti tutto molto buono', 0, 4, '2014-12-07 09:10:10'),
(678, NULL, 843, 'A review', 'Ottima pizza e ottimi fritti. Servizio consegna a domicilio inappuntabile. Una piacevole sorpresa.', 0, 5, '2014-12-07 09:10:10'),
(675, NULL, 842, 'A review', 'Abbiamo mangiato due pizze veramente gustose e leggere. la pasta  sottile e molto digeribile e la farcitura  di prima qualit. ottima la temperatura di servizio della birra alla spina e assolutamente gustoso il dolce fatto con la pasta di pizza fritta e nutella. da provare!', 0, 4, '2014-12-07 09:10:10'),
(674, NULL, 842, 'A review', 'Ancora non ho avuto modo di provare dal vivo ma dalle recensioni che ho letto..devo assolutamente passare a trovarvi :P  \n\nNon d 5 stelle perch gli manca solo una cosa... una tessera fedelt che darebbe a noi clienti molti vantaggi..ma questi vantaggi ci starebbero anche per il ristorante!  \n\n un programma fedelt che esiste da 10 anni in tutto il mondo ed in italia da ben 2 anni.  \n\nPer chi ha una o pi attivit, permette di fidelizzare la clientela attuale e guadagnare nuovi clienti. Oltre ad una pubblicit nel circuito che vanta migliaia di utenti.  \n\nSe foste interessati vi prego di fammi sapere, in quanto un mio collaboratore potrebbe passare in sede a dettagliare questa opportunit.  \n\nOrmai io e mia moglie cerchiamo di usarla il pi possibile visto che abbiamo un ritorno di denaro ed anche perch il circuito vanta migliaia di aziende :)))', 0, 4, '2014-12-07 09:10:10'),
(673, NULL, 842, 'A review', 'Very friendly owners! Hope to visit again!\n\nAntonio!', 0, 5, '2014-12-07 09:10:10'),
(671, NULL, 841, 'A review', 'ottima pizza e fagioli piccanti.', 0, 3, '2014-12-07 09:10:10'),
(672, NULL, 841, 'A review', 'Ci vado da anni e non sono mai rimasto deluso, pizze buonissime, ambiente ben curato con tavoli e sedie in legno, fagioli neri piccanti gratuiti che causano dipendenza! Per la carne meglio un ristorante.', 0, 4, '2014-12-07 09:10:10'),
(670, NULL, 841, 'A review', 'OTTIMO IL MANGIARE. ECCELLENTE IL SERVIZIO.ECCEZIONALI GLI AMICI! E non ultimo alla portata di tutti.', 0, 5, '2014-12-07 09:10:10'),
(669, NULL, 841, 'A review', 'pizza molto buona, economica e variet di scelta.  Una buona accoglienza  da  mangiarci spesso', 0, 4, '2014-12-07 09:10:10'),
(668, NULL, 841, 'A review', 'Buonissimo! Ci vado spesso, mangio bene e si paga meno della media. Molto cordiali. Consigliato', 0, 4, '2014-12-07 09:10:10'),
(664, NULL, 840, 'A review', 'Un luogo dove la cortesia  la prima regola e l''eccellenza dei prodotti  supera ogni aspettativa.Un ottimo luogo dove trascorrere piacevoli giornate in compagnia!  ', 0, 5, '2014-12-07 09:10:09'),
(665, NULL, 840, 'A review', 'Ottimi i pettini.', 0, 4, '2014-12-07 09:10:09'),
(666, NULL, 840, 'A review', 'x', 0, 5, '2014-12-07 09:10:09'),
(667, NULL, 840, 'A review', 'Molto cara!!!', 0, 3, '2014-12-07 09:10:09'),
(662, NULL, 839, 'A review', 'Si mangia bene', 0, 4, '2014-12-07 09:10:09'),
(663, NULL, 840, 'A review', 'Tra le torte, le crostate, la pizza e il pane ho sempre l''imbarazzo della scelta.... tutto buonissimo! Pochi giorni fa ho assaggiato il panettone con le gocce di cioccolato...una goduria.', 0, 5, '2014-12-07 09:10:09'),
(660, NULL, 839, 'A review', 'Mitico Sanzio!!! Mondiali!!! La migliore di tutti...pizza 10 stelle ;-)', 0, 5, '2014-12-07 09:10:09'),
(661, NULL, 839, 'A review', 'La perfezione, il gusto e la gentilezza! Una pizzeria s....ma solo cose buone!! Complimenti! Pizza spettacolare!!!', 0, 5, '2014-12-07 09:10:09'),
(656, NULL, 838, 'A review', 'Una pizza molto ricca e buonissima ', 0, 4, '2014-12-07 09:10:09'),
(657, NULL, 838, 'A review', 'Pizza eccezionale e locale molto elegante. Servizio un po'' lento durante i fine settimana. Grazie al parcheggio del Centro Commerciale, non  difficile arrivarci.', 0, 4, '2014-12-07 09:10:09'),
(658, NULL, 839, 'A review', 'Not bad  , have a large place ', 0, 3, '2014-12-07 09:10:09'),
(659, NULL, 839, 'A review', 'L''unica pizzeria dove fanno una pizza con bresaola e rughetta decente...10 euri!\nParte del personale  spartano e poco professionale...peccato. Alla fine stai mangiando al maneggio! ..tutto sommato si pu fare. ', 0, 3, '2014-12-07 09:10:09'),
(655, NULL, 838, 'A review', 'Abbiamo preso il men da 7,5 con kebab + birra poretti + trancio pizza al bancone. \nOttima birra, ma la pizza sembrava pane con pomodoro e surrogato di mozzarella, kebab freddo con la carne tirata su dai resti di una taglia. Alla nostra richiesta di avere della carne ben cotta l''unica cosa che il Bangladesh di turno a saputo rispondere:  tutta ben cotta. Ma poteva passare, il tutto, se non per il fatto che la cassiera sembrava stare li per farci un favore. Manco regalassero la roba. Forse se spendevamo 20, magari il saluto gli usciva dalla bocca, ma a quel punto cara mia me ne vado a mangiare al tavolo. Che dire.... Forse il ristorante far anche un ottima pizza, ma non credo torner per provarla. ', 0, 1, '2014-12-07 09:10:09'),
(654, NULL, 838, 'A review', 'Io ho preso come antipasto un piatto con una mozzarella di bufala e delle verdure, pagato ben 9. Le verdure erano: melanzane tagliate a cubetti (con troppo olio), fagiolini (che erano mezzi sconditi e facevano schifo), melanzane tipo parmiggiana (fredde!!! E dal pessimo aspetto). La mozzarella di bufala era molto buona. Per 9 mi aspettavo fosse molto pi grande...\nLa mia fidanzata come antipasto ha preso un cartoccio di fritti a 7,5, anch''esso ad una cifra un po'' spropositata per il contenuto. A parte 2 crocchette e 2 arancini, c''erano delle pallette di pasta di pizza fritta, che al ristorante saranno costate pochissimo...\n\nCome pizza ho preso una con mais, mozzarella di bufala, e pomodoro. La mozzarella ha annacquato tutto l''impasto, tantevvero che se si mangiava la pizza con le mani, il pezzo non si reggeva e bisognava aiutarsi con la forchetta. Per evitare che la mozzarella annacquasse la pizza bastava tenerla divisa in quattro parti in frigorifero per una notte, ma si vede che gli pesava troppo farlo. ', 0, 2, '2014-12-07 09:10:09'),
(652, NULL, 837, 'A review', 'Stupendo', 0, 5, '2014-12-07 09:10:09'),
(653, NULL, 838, 'A review', 'L''organizzazione dei Fratelli La Bufala presso il centro commerciale Porte di Roma  stata puntuale e sincronizzata come un orologio che coniugata con la bont dei piatti serviti merita l''aggettivo "Eccezionale". ', 0, 5, '2014-12-07 09:10:09'),
(650, NULL, 837, 'A review', 'Non avete mai mangiato dei suppl, se non li avete comprati qui!', 0, 4, '2014-12-07 09:10:09'),
(651, NULL, 837, 'A review', 'I suppl pi buoni del mondo!! Peccato solo abbiano alzato i prezzi!! Ottima anche la pizza', 0, 4, '2014-12-07 09:10:09'),
(649, NULL, 837, 'A review', 'Davvero buoni i suppli, abbastanza veloce il servizio, molto buona la pizza. Solo da asporto, il locale  piccolo e brutto.', 0, 4, '2014-12-07 09:10:09'),
(648, NULL, 837, 'A review', 'Suppl al top, da provare! pizza discreta.', 0, 4, '2014-12-07 09:10:09'),
(647, NULL, 836, 'A review', '', 0, 3, '2014-12-07 09:10:08'),
(646, NULL, 836, 'A review', 'Locale eccellente,\n', 0, 4, '2014-12-07 09:10:08'),
(644, NULL, 836, 'A review', 'buono tutto...', 0, 4, '2014-12-07 09:10:08'),
(645, NULL, 836, 'A review', 'L angus argentino.. Ha volte  perfetto a volte ne butti via met', 0, 4, '2014-12-07 09:10:08'),
(642, NULL, 835, 'A review', 'pizza a portar via, buona. ', 0, 4, '2014-12-07 09:10:08'),
(643, NULL, 836, 'A review', 'Abbiamo preso un antipasto, buono e molto fantasioso. Degli involtini di melanzane con pesce e formaggio. Erano molto buoni nonostante la cottura della melanzana sia sempre difficoltosa per altri ristoranti.\nIl primo, a dire il vero, il mezzo primo, non era un gran che.\nLe orecchiette erano molto piccanti, ma davvero poche. Gli spaghetti con le vongole(dal men vive, e posso confermarne la freschezza) con ancora un po'' di sabbia.\nI dolci non erano male, cos come il vino.\n\nIl conto:\ndue persone\nuna focaccia\nun antipasto\ndue primi(mezzi primi)\ndue dolci\nuna bottiglia di vino da 375ml\n---------------\n54\n\nMerita parlare del ristorante, e del servizio.\nIl ristorante, spazioso e silenzioso anche di venerd sera,  dotato anche di sala fumatori e il men porta anche la carne Kobe.\nIl personale, silezioso, discreto, elegante e dotato di radio  di una precisione incredibile. Vale la pena farsi servire in questo modo!\nCi tornerei? Si, lo vorrei riprovare!', 0, 4, '2014-12-07 09:10:08'),
(641, NULL, 835, 'A review', 'La peggior pizza mai mangiata in vita mia (e ne ho mangiate di pizze egiziane, cinesi o surgelate). ', 0, 2, '2014-12-07 09:10:08'),
(640, NULL, 835, 'A review', 'La pizzeria pi buona di roma nord!!!Conduzione familiare e sopratutto italiana!!!!', 0, 5, '2014-12-07 09:10:08'),
(639, NULL, 835, 'A review', 'Davvero un ottimo servizio. Veloci, di solito gentili, fanno cose molto sfiziose e gustose! Ve lo consiglio di sicuro!', 0, 4, '2014-12-07 09:10:08'),
(638, NULL, 835, 'A review', 'Veramente un ottimo servizio velocissimi, pizza molto buona assolutamente da provare i suppl. Nel complesso la moglie pizzeria ad asporto e domicilio di Roma nord.', 0, 4, '2014-12-07 09:10:08'),
(637, NULL, 746, 'A review', 'We get this pizza all the time. Well worth the couple of extra bucks when compared to dominoes etc. Delicious. ', 0, 5, '2014-12-07 09:05:28'),
(635, NULL, 746, 'A review', 'Waited over an hour and a half for delivery. They didn''t even offer compensation. The pizza was fine, but by the time it arrived it was just too long.', 0, 1, '2014-12-07 09:05:28'),
(636, NULL, 746, 'A review', 'On waiting just under 90minutes I was 1 Caesar salad short and received a Luke warm pizza, the delivery driver dismissed any wrongdoing . On phoning up for an explanation the manager was friendly and sincere and offered me a credit on my next order, I''m expecting 5 star service next time. ', 0, 2, '2014-12-07 09:05:28'),
(633, NULL, 746, 'A review', 'Pick up my special regularly; always good & the service is great.', 0, 5, '2014-12-07 09:05:28'),
(634, NULL, 746, 'A review', 'Terrible in every way! After a wait of an hour and twenty minutes (on a regular weeknight), the driver finally turned up with a stone cold order missing multiple items ......apparently half the menu is out of stock! On calling the store was told that the manager was too busy to speak to me, but will be calling me later..... basics of customer service - don''t fob it off when you have obviously made a mistake. Never, ever, ever ordering here again as this is the third bad experience!!', 0, 2, '2014-12-07 09:05:28'),
(632, NULL, 755, 'A review', 'Don''t expect much from the pasta but they do deliver at 9:30 on Friday. ', 0, 3, '2014-12-07 09:05:28'),
(631, NULL, 755, 'A review', 'This is our local Pizza place.  We love it.  The bases are great (I think I''m actually addicted to them) and you can even buy the bases frozen to make your own pizzas at home.  Watch out for the cheese pizzas, they''re great flavour but they''re way too heavy on the cheese.  I always ask for half.  Service is sometimes a bit impersonal/cold, but not always (e.g. I''ve been going their for years, probably at least once a fortnight and they still don''t know my name or regular order).  The pizza is good though.    ', 0, 4, '2014-12-07 09:05:28'),
(628, NULL, 754, 'A review', 'Great! They have dental molds on the wall', 0, 4, '2014-12-07 09:05:28'),
(629, NULL, 754, 'A review', 'Always consistent. Pizza is great, beautiful bases.', 0, 4, '2014-12-07 09:05:28'),
(630, NULL, 754, 'A review', 'I love your pizza. It is amazing. Best bases ever! Love the Chicken Delight and now you delilver!!!! Great for a night in and a few vino''s. The service and staff are always fantastic', 0, 4, '2014-12-07 09:05:28'),
(627, NULL, 754, 'A review', 'Went there on an Our Deal voucher to "check it out" and to see the neighbourhood. Let me first say the SERVICE was incredible. The young lass was on the job from hello. We had our young three year old lad with us and the atmosphere was very conducive with colouring books and colouring sticks. We ordered his kids meal of Carbonnara right away. A wine corkage of $4 per bottle is respectable. The adults started with the voucher inclusive Dips & Pizza Bread Trio of dips served with garlic and mozzarella pizza bread, (normally $10.95). For mains my father-in-law found the pasta marinara (normally $19.95) to be tasty and of good size for value. My Mother-in-law had the Rainforest pasta, she too was pleased with its flavour having just the required amount of spice. My wife and I shared a large half-half Veggie Rainforest and Tassie Smoked Salmon Pizza...YUMMY. The base was PERFECT and the flavours melded well. Overall it was a good evening and everyone walk away happy. Tops!!!', 0, 4, '2014-12-07 09:05:28'),
(626, NULL, 754, 'A review', 'With 4 young (6-11) kids it''s been hard to find a place where we can go out and everyone can find something they like.  Our first trip to Tomato Bros. (As my sons call it) was an outstanding evening, all the kids enjoyed their food, and my wife and I had an enjoyable night out.  Would have been 5 stars, but our end of night coffee was ruined by overcooked milk.  Heading back on Saturday before the NRC match at Ballymore!!', 0, 4, '2014-12-07 09:05:28'),
(624, NULL, 753, 'A review', 'Great traditional Italian. Great value for money. Good service. Love to see some Sardinian dishes on the menu. We will be back do sure!!!!', 0, 5, '2014-12-07 09:05:27'),
(625, NULL, 753, 'A review', 'I feel like I''ve wasted so many years going to other Italian restaurants. You will not be disappointed.', 0, 5, '2014-12-07 09:05:27'),
(623, NULL, 753, 'A review', 'Meh, friendly warm staff. Took a while with ok pizza. Have since made better at home.', 0, 3, '2014-12-07 09:05:27'),
(622, NULL, 753, 'A review', 'amazing experience for both my partner and I, friendly staff, warm environment, absolutely amazing food. defiantly worth going back to. spectacular. 5 stars! ', 0, 5, '2014-12-07 09:05:27'),
(621, NULL, 753, 'A review', '29.12.13 is when  we came upon this little piece of Italy and regret not dinning here sooner. This restaurant is run by an Italian family and the chef is producing the most comforting Italian food I have ever eaten in Queensland.  We ordered the Brushetta,  Bolognaise, Mediterranean and Meatlovers pizzas and it was all deliciously cooked for us.  Chef also meets & greets you at your table, his lovely gesture topped off a fantastic meal.  We will go back again and again.', 0, 5, '2014-12-07 09:05:27'),
(620, NULL, 752, 'A review', 'The pizza bases in combination with the toppings make the pizza''s really good. But at $17 each it''s at the steep end of the pizza world to be honest isn''t justified.', 0, 4, '2014-12-07 09:05:27'),
(618, NULL, 752, 'A review', 'Really nice pizza - not oily at all. Great toppings. A little pricey though. ', 0, 5, '2014-12-07 09:05:27'),
(619, NULL, 752, 'A review', 'Was pretty disappointed - the shop itself looked really cute and cosy but the pizza was pretty average and the bolognaise was tasteless.', 0, 2, '2014-12-07 09:05:27'),
(617, NULL, 752, 'A review', 'Best Pizza around with awesome desserts too! I''ll be back next week....yum!', 0, 5, '2014-12-07 09:05:27');
INSERT INTO `reviews` (`id`, `user_id`, `restaurant_id`, `title`, `content`, `album_id`, `rating`, `publish_time`) VALUES
(615, NULL, 751, 'A review', '5 year customer. The atmosphere is great and the pizza is to die for.', 0, 5, '2014-12-07 09:05:27'),
(616, NULL, 752, 'A review', 'I like this place a lot. Similar to Capers and Crust in style but combined with a traditional style as well.\nYou can tell the bases are hand made and the toppings are different enough to be interesting and a great change. Quality of the ingredients is really good.\n', 0, 5, '2014-12-07 09:05:27'),
(612, NULL, 751, 'A review', 'David is a mad guy - Nick Carra', 0, 5, '2014-12-07 09:05:27'),
(613, NULL, 751, 'A review', 'Excellent!\n\nAll the staff are genuinely enthused about their job and it shows not only in their service but the food as well.\n\nBoth the pizza and pasta were amazing. Never will I bother with Domino''s, Pizza Hut, etc again!\n\nI have no problem in paying the bit extra to receive the quality these guys supply!', 0, 5, '2014-12-07 09:05:27'),
(614, NULL, 751, 'A review', 'Great lunch deal for 2. Pizza and a jug of softdrink. Gold.', 0, 4, '2014-12-07 09:05:27'),
(611, NULL, 751, 'A review', 'Fantastic pizzeria.. good service. This place used to deliver for our client meetings. The admin girls always ordered a bit early and the food went cold. :(. Finally sat in and had a chilli garlic prawn pizza and a little creatures on tap... delicious. Well worth checking out if you havent already.', 0, 5, '2014-12-07 09:05:27'),
(610, NULL, 750, 'A review', 'I have lived in Ashgrove for 3 years and have visited the store many times, the food is good, hence i am stupid enough to go back as the staff is terrible and very rude, bad appearance and not fit to do that job (which is pretty much just customer service). Which kids in college could do better? being a vegetarian for the last 8 years in my experience if you order a cheese pizza from a place like that %90 of the time its a little bit cheaper then ones with toppings, (sounds fair right?) and i hadn''t ordered for about 2 months since last time they gave me the wrong meal, (first time i ate meat in 7 years they served me meat lasagne instead of the veggie one i ordered, took two bites before realizing and they were rude about that as well) and i thought from memory their cheese pizza was a little less but the new menu was advising they were the same as others so I called to check, her response (the manager) was if you don''t like the price go somewhere else you can get pizza hut for $5 if you want the cheap sh&*^ they will give it to you. so i did, i ordered $85 worth of pizza hut (i share a house with 2 friends and we all work out and get a big feed once a week) which they just lost as well and long time customers, no matter how good the food its not worth the hassle of dealing with such rude and incompetent staff/management i actually feel sorry for them.', 0, 1, '2014-12-07 09:05:27'),
(609, NULL, 750, 'A review', 'Rude.rude.rude. How does this place stay in business?\nI assume the owner is the Italian speaking lady with black  hair. She is so rude.\nLucky she  her own business as she would not be employable. ', 0, 1, '2014-12-07 09:05:27'),
(608, NULL, 750, 'A review', 'pizza nice, but they have lost loyal customers due to being really rude.\nI actually cancelled my order due to the rudeness. ', 0, 1, '2014-12-07 09:05:27'),
(607, NULL, 750, 'A review', 'Ordered Friday night Pizzas which took over 1 and 1/2 hours and were delivered luke warm. When spoke to the restaurant about this was told (by the female owner) that Friday nights were busy so delays were to be expected. She also said she offers free delivery and if we weren''t happy with that then we should collect next time!! I would rather have paid an extra $5 for delivery and a hot pizza! Very very disappointing -  there''s too much competition currently in Brisbane to put up with poor food and even poorer customer service!', 0, 1, '2014-12-07 09:05:27'),
(606, NULL, 750, 'A review', 'This is the last time I give this place a chance. Went to the restaurant for dinner and I''ll skip the repeated news of the service at this place, it was once again s$#!. I only came back to give it a chance. I am by no means fussy. I am a bit of an optimist who will be pleased if I can at least identify one thing about the experience that was pleasing. Time after time this restaurant (if it can even call itself that) fails to deliver. No exaggeration, the pizza bases taste pre-made. I don''t care if they are or aren''t, that is what they taste like, which should be enough to shame them as a genuine Italian restaurant. The pizzas are also burnt. How is this possible every time if this is what the business does on daily basis. A foccacia from the supermarket actually tastes better than what they turn out at this place, that is shocking.The pasta is just as bad, it is bland, hard rather than soft and the toppings are cheap. If this place has any association with Carlo''s Naples Pizzeria at Zillmere than this is a true shame as that establishment knows how to make authentic fine food. Pity it is far away. Several other choices locally, don''t make yourself believe that the reviewers are being picky.', 0, 1, '2014-12-07 09:05:27'),
(602, NULL, 749, 'A review', 'got takeaway.... damn good pizza. Looking forward to dining in at all you can eat', 0, 5, '2014-12-07 09:05:26'),
(603, NULL, 749, 'A review', 'The garlic bread is AWESOME. Great food, but we would not buy it without a 2 for 1 voucher as it is very expensive.', 0, 5, '2014-12-07 09:05:26'),
(604, NULL, 749, 'A review', 'My favourite pizza joint in Brisbane.', 0, 5, '2014-12-07 09:05:26'),
(605, NULL, 749, 'A review', 'Pizzas are good but be prepared to re-mortgage your house - very expensive!', 0, 3, '2014-12-07 09:05:26'),
(599, NULL, 746, 'A review', 'Good pizza. Not particularly cheap. Cater for Gluten Intolerants.', 0, 5, '2014-12-07 09:05:26'),
(600, NULL, 746, 'A review', '', 0, 4, '2014-12-07 09:05:26'),
(601, NULL, 749, 'A review', 'LOVE their pizza...sooooo much topping and great flavor! Yes they are expensive, however if i''m going to have pizza i want it to be nice, not taste like greasy cardboard which is all you get from the fast food places!', 0, 5, '2014-12-07 09:05:26'),
(598, NULL, 746, 'A review', 'As good as takeaway pizza gets. Reef and beef is a killer, as is the bonanza. GF pizzas are good too. The owner Chris is a nice bloke and runs a good shop. Expensive, but good for a splurge,', 0, 5, '2014-12-07 09:05:26'),
(597, NULL, 746, 'A review', 'Absolutely delicious pizza and worth every cent!  I was amazed at the amount of toppings and the quality.  My family loved the alfungi (millions of mushrooms) and the pepperoni pizza (very tasty pepperoni).  Very friendly counter staff.  We will be back!!', 0, 5, '2014-12-07 09:05:26'),
(596, NULL, 746, 'A review', 'Reef and beef pizza is a favorite. Order online, it couldn''t be easier.', 0, 4, '2014-12-07 09:05:26'),
(594, NULL, 748, 'A review', 'Every pizza I''ve ordered from here has been awesome!\nI''ve never had any trouble with this place :)\nPizza Mia''s from any pizza hut aren''t super awesome,\nbut this is the best Pizza Hut I''ve been to in Australia so far.', 0, 5, '2014-12-07 09:05:26'),
(595, NULL, 748, 'A review', 'One of the manager is really rude. We are paying for the food for gods sake. Its the old lady. So rude.', 0, 1, '2014-12-07 09:05:26'),
(592, NULL, 748, 'A review', 'Got door smashed in the face of a little girl by pizza courier and when we complaint we got told to calm down by a rude manager but all we said in a calm tone was to tell their couriers to be a bit more carefull and just apologize if you hit someone. This happened on 9/4/2013 19.15', 0, 3, '2014-12-07 09:05:26'),
(593, NULL, 748, 'A review', 'Great for when you''ve got the munchies after a night with the lads.', 0, 3, '2014-12-07 09:05:26'),
(589, NULL, 739, 'A review', 'This is our go-to lunch idea at my office. They have delivery to the downtown offices, plus great gluten free crust for those who need or want it! The garlic mashed potato pizza with broccoli is our favorite', 0, 5, '2014-12-07 09:05:25'),
(590, NULL, 747, 'A review', '', 0, 5, '2014-12-07 09:05:25'),
(591, NULL, 748, 'A review', 'Awesome friendly service. Some of the best tasting pizzas with excellent value in the area. Excellent location.', 0, 5, '2014-12-07 09:05:26'),
(587, NULL, 739, 'A review', 'I have ordered from this location twice and they are incredible - service and quality!  Cheers!', 0, 5, '2014-12-07 09:05:25'),
(588, NULL, 739, 'A review', 'Loved the place, food and the people. Great atmosphere, good prices and yummy food. Nice easy night out and we were made to feel special. Perfect for a couple of 60 year olds but 20 year olds would love it too.  We''ll be back', 0, 5, '2014-12-07 09:05:25'),
(586, NULL, 739, 'A review', 'Hi guys!\n\nWe ate your pizza on Sat night and I never get pizza as I am gluten free but on this occasion thought I would risk it.\n\nI can not believe how AMAZING it was.  We had to check if the base was in fact gluten free! \n\nDelicious - you have restored my faith in gluten free pizza :) \n\nCheers\nBelinda', 0, 5, '2014-12-07 09:05:25'),
(584, NULL, 746, 'A review', 'Good fast-food pizza, very quick service but expensive without vouchers', 0, 4, '2014-12-07 09:05:25'),
(585, NULL, 739, 'A review', 'The toppings were a bit light on, as I find served up at most pizza parlours these days... cutting corners. The flavour was OK. The base was OK. I probably won''t return in the near future as I''m working my way around the local pizza joints to find the best. I think I can do better.', 0, 3, '2014-12-07 09:05:25'),
(576, NULL, 743, 'A review', 'Loved it! I had a calzone and it was amazing. The new owners are brilliant and are actually Italian. They were so lovely and accommodating!', 0, 5, '2014-12-07 09:05:24'),
(577, NULL, 743, 'A review', 'NEW OWNERS!!! so so good!! REAL ITALIAN!!!!', 0, 5, '2014-12-07 09:05:24'),
(578, NULL, 743, 'A review', '', 0, 4, '2014-12-07 09:05:24'),
(579, NULL, 743, 'A review', '', 0, 5, '2014-12-07 09:05:24'),
(580, NULL, 744, 'A review', 'The best pizza I ever had,  is from this shop.  Highly recommend must try. ', 0, 5, '2014-12-07 09:05:24'),
(581, NULL, 744, 'A review', 'One of the best Pizza Hut''s in Queensland.', 0, 5, '2014-12-07 09:05:24'),
(582, NULL, 744, 'A review', '', 0, 4, '2014-12-07 09:05:24'),
(583, NULL, 744, 'A review', '', 0, 5, '2014-12-07 09:05:24'),
(575, NULL, 743, 'A review', 'I have absolutely no words to describe how amazing this humble little restaurant is. The food is as wonderful as my baba makes and it''s simply incredible. The service is incomparable and I have been blown away by Puccini''s. What a beautiful and warm experience with tremendous food!', 0, 5, '2014-12-07 09:05:24'),
(572, NULL, 742, 'A review', 'Good pizza and excellent service.', 0, 4, '2014-12-07 09:05:24'),
(573, NULL, 742, 'A review', 'Great Italian food at value for money BYO wine recommended. 10+ visits over three years', 0, 4, '2014-12-07 09:05:24'),
(574, NULL, 742, 'A review', 'Continue to visit time after time. Great food and atmosphere with friendly family service.', 0, 4, '2014-12-07 09:05:24'),
(571, NULL, 742, 'A review', 'Fantastic food! Reasonable prices considering the serving sizes. My waiter, Alessio was incredibly personal and intimate, impeccable service. Would recommend the duck risotto to all!', 0, 5, '2014-12-07 09:05:24'),
(569, NULL, 741, 'A review', '', 0, 5, '2014-12-07 09:05:24'),
(570, NULL, 742, 'A review', 'We loved it .\nWaiters were really nice and smiling,\nAbout food it was good presentation, tasty, and fresh. \nWe took a garlic bread as entry, it was a nice one ( 3 pieces ), and after pizza for me, and pasta for my partner, it was really nice. \nThe price is fair enough for this nice food.\n\n', 0, 5, '2014-12-07 09:05:24'),
(568, NULL, 740, 'A review', 'Nice pizza ready in 10!', 0, 5, '2014-12-07 09:05:23'),
(564, NULL, 740, 'A review', 'Awesome traditional pizza. Dont mind paying a good price for pizza that is cooked well with top quality ingredients', 0, 5, '2014-12-07 09:05:23'),
(565, NULL, 740, 'A review', 'Best wood fired pizza in Brisbane hands down.  Try the Al Fungi.  Also awesome cevapi and other meals as well.  ', 0, 5, '2014-12-07 09:05:23'),
(566, NULL, 740, 'A review', 'Food is beautiful, so good to find proper wood-fire pizza not to mention cevapi. Thank you Zoran', 0, 5, '2014-12-07 09:05:23'),
(567, NULL, 740, 'A review', 'Best Cevap''s in town, haven''t tried the pizza but i hear its very good.', 0, 5, '2014-12-07 09:05:23'),
(561, NULL, 739, 'A review', 'How does this place stay in business making such terrible pizza. I bought it for the kids and even they didn''t like it', 0, 1, '2014-12-07 09:05:23'),
(562, NULL, 739, 'A review', '35 min original wait time. Then 10 mins longer. Then 5 more. Not terrible but worst gourmet pizza I''ve had. ', 0, 2, '2014-12-07 09:05:23'),
(563, NULL, 739, 'A review', 'This place serves ONLY Pizza as a main dish. So it was very disappointing to discover the following about my Pizza: As a first bite, I felt something was missing, couldn''t quite put my finger on it. \na) chorizo was blunt and not spicy\nb) Pizza sauce felt like a cheap tomato paste with an unnecessary sour sting to it\nc) Mozzarella cheese had a bad chewy texture and tasteless\nd) and the cream of the crop, Burn dough from the outside not done on the inside. WOW!!! they can write a guide on 4 ways to screw-up a Pizza!!!', 0, 2, '2014-12-07 09:05:23'),
(560, NULL, 739, 'A review', 'Vespa is definietly a cut abive the rest. I have been in New Farm for 5 years and love Pizza. If you are tired of the plastic pizza put out by the chains. Vespa Pizza will be a massive step up. Quailty of ingredients are high and the smokey flavours from the woodfire add to the flavour. My favourite is the Pepperoni but have not had a bad pizza . Takeaway is also prompt! ', 0, 4, '2014-12-07 09:05:23'),
(559, NULL, 739, 'A review', 'Nice spot that is tucked away. The atmosphere is rather charming. The food is good but I found the pricing to be a little high for what I got. The quantity of toppings was a bit scant. Aside from this, the service was friendly enough and you can order online for pickup if you''re in a rush. ', 0, 4, '2014-12-07 09:05:23'),
(936, NULL, 1021, 'A review', 'Love this place, and the owner is very knowledgeable. ', 0, 5, '2014-12-09 13:02:26'),
(935, NULL, 1021, 'A review', 'great products!', 0, 5, '2014-12-09 13:02:26'),
(934, NULL, 1020, 'A review', 'Why is it named this ', 0, 2, '2014-12-09 13:02:26'),
(933, NULL, 1019, 'A review', 'Wauw', 0, 3, '2014-12-09 13:02:25'),
(931, NULL, 1016, 'A review', '', 0, 5, '2014-12-09 13:02:24'),
(932, NULL, 1017, 'A review', 'i''m speechless. ', 0, 5, '2014-12-09 13:02:25'),
(930, NULL, 1016, 'A review', '', 0, 5, '2014-12-09 13:02:24'),
(942, 14, 1015, 'aaaaaaaaaaaaaaaa', 'sdfkjaslkdjfasdf', 62, 3, '2014-12-11 23:07:54'),
(926, 14, 1015, 'test review', 'asdfadsfsssssssss', 59, 5, '2014-12-09 12:43:18'),
(929, NULL, 1016, 'A review', 'Top!', 0, 5, '2014-12-09 13:02:24'),
(907, 13, 756, 'b', 'b', 39, 1, '2014-12-09 02:15:27'),
(906, 13, 756, 't', 't', 38, 1, '2014-12-09 02:15:17'),
(937, NULL, 1023, 'A review', 'Can You believe this shit?', 0, 2, '2014-12-09 13:02:27'),
(938, NULL, 1024, 'A review', 'real shit', 0, 1, '2014-12-09 13:02:27'),
(939, NULL, 1025, 'A review', 'This apartment is such a piece of shit...but the view is GORGEOUS. ..', 0, 2, '2014-12-09 13:02:27'),
(940, NULL, 1029, 'A review', 'I''ll definitely give it another try.', 0, 5, '2014-12-09 13:02:29'),
(941, NULL, 1030, 'A review', '', 0, 5, '2014-12-09 13:02:29'),

-- --------------------------------------------------------

--
-- Table structure for table `subscriptions`
--

CREATE TABLE IF NOT EXISTS `subscriptions` (
  `user_id` int(11) NOT NULL,
  `restaurant_id` int(11) NOT NULL,
  PRIMARY KEY (`user_id`,`restaurant_id`),
  KEY `subscription_restaurant_fk` (`restaurant_id`)
) ENGINE=MyISAM DEFAULT CHARSET=utf8;

-- --------------------------------------------------------

--
-- Table structure for table `super_users`
--

CREATE TABLE IF NOT EXISTS `super_users` (
  `id` int(11) NOT NULL AUTO_INCREMENT,
  `user_id` int(11) NOT NULL,
  PRIMARY KEY (`id`),
  KEY `user_id` (`user_id`)
) ENGINE=MyISAM DEFAULT CHARSET=utf8 AUTO_INCREMENT=1 ;

-- --------------------------------------------------------

--
-- Table structure for table `tags`
--

CREATE TABLE IF NOT EXISTS `tags` (
  `id` int(11) NOT NULL AUTO_INCREMENT,
  `name` varchar(45) COLLATE utf8_unicode_ci DEFAULT NULL,
  PRIMARY KEY (`id`),
  UNIQUE KEY `id_UNIQUE` (`id`),
  UNIQUE KEY `name_UNIQUE` (`name`)
) ENGINE=InnoDB  DEFAULT CHARSET=utf8 COLLATE=utf8_unicode_ci AUTO_INCREMENT=169 ;

--
-- Dumping data for table `tags`
--

INSERT INTO `tags` (`id`, `name`) VALUES
(165, 'asian food'),
(139, 'Australia'),
(146, 'bakery'),
(147, 'bar'),
(137, 'Brisbane,'),
(140, 'cafe'),
(152, 'campground'),
(156, 'church'),
(149, 'clothing_store'),
(135, 'establishment'),
(157, 'finance'),
(134, 'food'),
(151, 'home_goods_store'),
(145, 'Italy'),
(154, 'lodging'),
(142, 'meal_delivery'),
(141, 'meal_takeaway'),
(153, 'park'),
(136, 'pizza'),
(155, 'place_of_worship'),
(138, 'Queensland,'),
(133, 'restaurant'),
(144, 'Rome,'),
(167, 'sai gon'),
(148, 'school'),
(150, 'shit'),
(166, 'steak house'),
(143, 'store'),
(168, 'viet nam');

-- --------------------------------------------------------

--
-- Table structure for table `tag_restaurant`
--

CREATE TABLE IF NOT EXISTS `tag_restaurant` (
  `id` int(11) NOT NULL AUTO_INCREMENT,
  `tag_id` int(11) DEFAULT NULL,
  `restaurant_id` int(11) DEFAULT NULL,
  PRIMARY KEY (`id`)
) ENGINE=InnoDB  DEFAULT CHARSET=utf8 COLLATE=utf8_unicode_ci AUTO_INCREMENT=5056 ;

--
-- Dumping data for table `tag_restaurant`
--

INSERT INTO `tag_restaurant` (`id`, `tag_id`, `restaurant_id`) VALUES
(4716, 133, 739),
(4717, 134, 739),
(4718, 135, 739),
(4719, 136, 739),
(4720, 137, 739),
(4721, 138, 739),
(4722, 139, 739),
(4723, 133, 740),
(4724, 134, 740),
(4725, 135, 740),
(4726, 136, 740),
(4727, 137, 740),
(4728, 138, 740),
(4729, 139, 740),
(4730, 133, 741),
(4731, 134, 741),
(4732, 135, 741),
(4733, 136, 741),
(4734, 137, 741),
(4735, 138, 741),
(4736, 139, 741),
(4737, 140, 742),
(4738, 133, 742),
(4739, 134, 742),
(4740, 135, 742),
(4741, 136, 742),
(4742, 137, 742),
(4743, 138, 742),
(4744, 139, 742),
(4745, 141, 743),
(4746, 133, 743),
(4747, 134, 743),
(4748, 135, 743),
(4749, 136, 743),
(4750, 137, 743),
(4751, 138, 743),
(4752, 139, 743),
(4753, 141, 744),
(4754, 133, 744),
(4755, 142, 744),
(4756, 134, 744),
(4757, 135, 744),
(4758, 136, 744),
(4759, 137, 744),
(4760, 138, 744),
(4761, 139, 744),
(4762, 143, 745),
(4763, 141, 745),
(4764, 133, 745),
(4765, 142, 745),
(4766, 134, 745),
(4767, 135, 745),
(4768, 136, 745),
(4769, 137, 745),
(4770, 138, 745),
(4771, 139, 745),
(4772, 141, 746),
(4773, 133, 746),
(4774, 142, 746),
(4775, 134, 746),
(4776, 135, 746),
(4777, 136, 746),
(4778, 137, 746),
(4779, 138, 746),
(4780, 139, 746),
(4781, 141, 747),
(4782, 133, 747),
(4783, 142, 747),
(4784, 134, 747),
(4785, 135, 747),
(4786, 136, 747),
(4787, 137, 747),
(4788, 138, 747),
(4789, 139, 747),
(4790, 141, 748),
(4791, 133, 748),
(4792, 142, 748),
(4793, 134, 748),
(4794, 135, 748),
(4795, 136, 748),
(4796, 137, 748),
(4797, 138, 748),
(4798, 139, 748),
(4799, 133, 749),
(4800, 134, 749),
(4801, 135, 749),
(4802, 136, 749),
(4803, 137, 749),
(4804, 138, 749),
(4805, 139, 749),
(4806, 141, 750),
(4807, 133, 750),
(4808, 142, 750),
(4809, 134, 750),
(4810, 135, 750),
(4811, 136, 750),
(4812, 137, 750),
(4813, 138, 750),
(4814, 139, 750),
(4815, 133, 751),
(4816, 134, 751),
(4817, 135, 751),
(4818, 136, 751),
(4819, 137, 751),
(4820, 138, 751),
(4821, 139, 751),
(4822, 133, 752),
(4823, 134, 752),
(4824, 135, 752),
(4825, 136, 752),
(4826, 137, 752),
(4827, 138, 752),
(4828, 139, 752),
(4829, 133, 753),
(4830, 134, 753),
(4831, 135, 753),
(4832, 136, 753),
(4833, 137, 753),
(4834, 138, 753),
(4835, 139, 753),
(4836, 141, 754),
(4837, 133, 754),
(4838, 142, 754),
(4839, 134, 754),
(4840, 135, 754),
(4841, 136, 754),
(4842, 137, 754),
(4843, 138, 754),
(4844, 139, 754),
(4845, 141, 755),
(4846, 133, 755),
(4847, 142, 755),
(4848, 134, 755),
(4849, 135, 755),
(4850, 136, 755),
(4851, 137, 755),
(4852, 138, 755),
(4853, 139, 755),
(4854, 133, 835),
(4855, 142, 835),
(4856, 134, 835),
(4857, 135, 835),
(4858, 136, 835),
(4859, 144, 835),
(4860, 145, 835),
(4861, 133, 836),
(4862, 134, 836),
(4863, 135, 836),
(4864, 136, 836),
(4865, 144, 836),
(4866, 145, 836),
(4867, 133, 837),
(4868, 134, 837),
(4869, 135, 837),
(4870, 136, 837),
(4871, 144, 837),
(4872, 145, 837),
(4873, 133, 838),
(4874, 134, 838),
(4875, 135, 838),
(4876, 136, 838),
(4877, 144, 838),
(4878, 145, 838),
(4879, 133, 839),
(4880, 134, 839),
(4881, 135, 839),
(4882, 136, 839),
(4883, 144, 839),
(4884, 145, 839),
(4885, 146, 840),
(4886, 143, 840),
(4887, 147, 840),
(4888, 133, 840),
(4889, 134, 840),
(4890, 135, 840),
(4891, 136, 840),
(4892, 144, 840),
(4893, 145, 840),
(4894, 133, 841),
(4895, 134, 841),
(4896, 135, 841),
(4897, 136, 841),
(4898, 144, 841),
(4899, 145, 841),
(4900, 133, 842),
(4901, 134, 842),
(4902, 135, 842),
(4903, 136, 842),
(4904, 144, 842),
(4905, 145, 842),
(4906, 133, 843),
(4907, 134, 843),
(4908, 135, 843),
(4909, 136, 843),
(4910, 144, 843),
(4911, 145, 843),
(4912, 133, 844),
(4913, 134, 844),
(4914, 135, 844),
(4915, 136, 844),
(4916, 144, 844),
(4917, 145, 844),
(4918, 133, 845),
(4919, 134, 845),
(4920, 135, 845),
(4921, 136, 845),
(4922, 144, 845),
(4923, 145, 845),
(4924, 133, 846),
(4925, 134, 846),
(4926, 135, 846),
(4927, 136, 846),
(4928, 144, 846),
(4929, 145, 846),
(4930, 147, 847),
(4931, 133, 847),
(4932, 134, 847),
(4933, 135, 847),
(4934, 136, 847),
(4935, 144, 847),
(4936, 145, 847),
(4937, 133, 848),
(4938, 134, 848),
(4939, 148, 848),
(4940, 135, 848),
(4941, 136, 848),
(4942, 144, 848),
(4943, 145, 848),
(4944, 141, 849),
(4945, 133, 849),
(4946, 134, 849),
(4947, 135, 849),
(4948, 136, 849),
(4949, 144, 849),
(4950, 145, 849),
(4951, 133, 850),
(4952, 134, 850),
(4953, 135, 850),
(4954, 136, 850),
(4955, 144, 850),
(4956, 145, 850),
(4957, 133, 851),
(4958, 134, 851),
(4959, 135, 851),
(4960, 136, 851),
(4961, 144, 851),
(4962, 145, 851),
(4963, 133, 852),
(4964, 134, 852),
(4965, 135, 852),
(4966, 136, 852),
(4967, 144, 852),
(4968, 145, 852),
(4969, 133, 853),
(4970, 134, 853),
(4971, 135, 853),
(4972, 136, 853),
(4973, 144, 853),
(4974, 145, 853),
(4975, 133, 854),
(4976, 134, 854),
(4977, 135, 854),
(4978, 136, 854),
(4979, 144, 854),
(4980, 145, 854),
(4981, 149, 1016),
(4982, 143, 1016),
(4983, 135, 1016),
(4984, 150, 1016),
(4985, 135, 1017),
(4986, 150, 1017),
(4987, 135, 1018),
(4988, 150, 1018),
(4989, 135, 1019),
(4990, 150, 1019),
(4991, 135, 1020),
(4992, 150, 1020),
(4993, 143, 1021),
(4994, 148, 1021),
(4995, 135, 1021),
(4996, 150, 1021),
(4997, 135, 1022),
(4998, 150, 1022),
(4999, 135, 1023),
(5000, 150, 1023),
(5001, 149, 1024),
(5002, 143, 1024),
(5003, 135, 1024),
(5004, 150, 1024),
(5005, 135, 1025),
(5006, 150, 1025),
(5007, 151, 1026),
(5008, 143, 1026),
(5009, 135, 1026),
(5010, 150, 1026),
(5011, 134, 1027),
(5012, 135, 1027),
(5013, 150, 1027),
(5014, 135, 1028),
(5015, 150, 1028),
(5016, 152, 1029),
(5017, 153, 1029),
(5018, 154, 1029),
(5019, 135, 1029),
(5020, 150, 1029),
(5021, 155, 1030),
(5022, 135, 1030),
(5023, 150, 1030),
(5024, 156, 1031),
(5025, 155, 1031),
(5026, 135, 1031),
(5027, 150, 1031),
(5028, 135, 1032),
(5029, 150, 1032),
(5030, 135, 1033),
(5031, 150, 1033),
(5032, 135, 1034),
(5033, 150, 1034),
(5034, 157, 1035),
(5035, 135, 1035),
(5036, 150, 1035),


-- --------------------------------------------------------

--
-- Table structure for table `users`
--

CREATE TABLE IF NOT EXISTS `users` (
  `id` int(11) unsigned zerofill NOT NULL AUTO_INCREMENT COMMENT 'User ID',
  `username` varchar(255) NOT NULL,
  `password` varchar(255) NOT NULL COMMENT 'User''s password (encrypted string)',
  `email` varchar(255) NOT NULL,
  `account_type` int(2) unsigned NOT NULL COMMENT '0- owner; 1-superuser',
  `fullname` varchar(255) DEFAULT NULL,
  `gender` varchar(1) NOT NULL COMMENT '''M''- male; ''F''-Female',
  `dob` date DEFAULT NULL,
  `profile_picture` varchar(255) DEFAULT NULL COMMENT 'name of the photo stored in the database',
  `facebookID` varchar(50) DEFAULT NULL,
  PRIMARY KEY (`id`),
  UNIQUE KEY `facebookID_UNIQUE` (`facebookID`)
) ENGINE=MyISAM  DEFAULT CHARSET=utf8 AUTO_INCREMENT=15 ;

--
-- Dumping data for table `users`
--

INSERT INTO `users` (`id`, `username`, `password`, `email`, `account_type`, `fullname`, `gender`, `dob`, `profile_picture`, `facebookID`) VALUES
(00000000010, 'newbiettn', '$2y$10$aQb5CD/er2JRVGPPpiJfpuRmq5sJwD5ei/VFAY2/MmGYDlYBAqKjG', 'newbiettn@gmail.com', 0, '0', '', NULL, NULL, NULL),
(00000000011, 'newbiettn1', '$2y$10$kqmZJ8jjsmz8MFHIv/h.X.0YBxe.d2Im0akufCc9RHwSG3ZdsIWGS', 'ngoc@gmail.com', 0, '0', '', NULL, NULL, NULL),
(00000000012, 'newbiettn2', '$2y$10$ocUKhbDBLYxew4X4Se3eHeZsOi22BPMwP84nobHRLbTir0I/NoNwe', 'new@ngoc.mail', 0, '0', '', NULL, NULL, NULL),
(00000000013, 'user895242430486609', '$2y$10$dAsuAkfzMT6ARPJhGecu7O4/RriMsYqeMTrSIfGG2ZdS5lwDKzY1u', 'itgunner@gmail.com', 0, 'Minh Duc Nguyen', 'm', '1990-05-09', NULL, '895242430486609'),
(00000000014, 'mduc', '$2y$10$yRKq8KE4piiwJLf54qzFjOveVKKyLRMPNe35RB8IuyIYu08RjvE8W', 'abc@gmail.com', 0, '0', '', NULL, NULL, NULL);

/*!40101 SET CHARACTER_SET_CLIENT=@OLD_CHARACTER_SET_CLIENT */;
/*!40101 SET CHARACTER_SET_RESULTS=@OLD_CHARACTER_SET_RESULTS */;
/*!40101 SET COLLATION_CONNECTION=@OLD_COLLATION_CONNECTION */;
